,orig
0,/data/codenet_python3_accepted/p03170/Python/s770107911.py
1,/data/codenet_python3_accepted/p03604/Python/s584606318.py
2,/data/codenet_python3_accepted/p03322/Python/s489853164.py
3,/data/codenet_python3_accepted/p02737/Python/s325252847.py
4,/data/codenet_python3_accepted/p02718/Python/s815022774.py
5,/data/codenet_python3_accepted/p03815/Python/s808944708.py
6,/data/codenet_python3_accepted/p03233/Python/s988603380.py
7,/data/codenet_python3_accepted/p03948/Python/s608786050.py
8,/data/codenet_python3_accepted/p03986/Python/s787918933.py
9,/data/codenet_python3_accepted/p03048/Python/s072124083.py
10,/data/codenet_python3_accepted/p03770/Python/s760954398.py
11,/data/codenet_python3_accepted/p02797/Python/s008704525.py
12,/data/codenet_python3_accepted/p03287/Python/s537819370.py
13,/data/codenet_python3_accepted/p03657/Python/s933454662.py
14,/data/codenet_python3_accepted/p02777/Python/s010707766.py
15,/data/codenet_python3_accepted/p03230/Python/s052616192.py
16,/data/codenet_python3_accepted/p02898/Python/s939465829.py
17,/data/codenet_python3_accepted/p02635/Python/s772565494.py
18,/data/codenet_python3_accepted/p03389/Python/s408483326.py
19,/data/codenet_python3_accepted/p02676/Python/s898305770.py
20,/data/codenet_python3_accepted/p03911/Python/s954914652.py
21,/data/codenet_python3_accepted/p03879/Python/s793206352.py
22,/data/codenet_python3_accepted/p02772/Python/s329368601.py
23,/data/codenet_python3_accepted/p03529/Python/s925275175.py
24,/data/codenet_python3_accepted/p02876/Python/s143582890.py
25,/data/codenet_python3_accepted/p02865/Python/s476428192.py
26,/data/codenet_python3_accepted/p03745/Python/s952840475.py
27,/data/codenet_python3_accepted/p02981/Python/s292944364.py
28,/data/codenet_python3_accepted/p02922/Python/s339539249.py
29,/data/codenet_python3_accepted/p02624/Python/s331436378.py
30,/data/codenet_python3_accepted/p03327/Python/s299555448.py
31,/data/codenet_python3_accepted/p03451/Python/s113132154.py
32,/data/codenet_python3_accepted/p02897/Python/s705165187.py
33,/data/codenet_python3_accepted/p03286/Python/s381977118.py
34,/data/codenet_python3_accepted/p02793/Python/s277212161.py
35,/data/codenet_python3_accepted/p03609/Python/s672368406.py
36,/data/codenet_python3_accepted/p02645/Python/s990053776.py
37,/data/codenet_python3_accepted/p03974/Python/s249829337.py
38,/data/codenet_python3_accepted/p03106/Python/s132581241.py
39,/data/codenet_python3_accepted/p03295/Python/s780175905.py
40,/data/codenet_python3_accepted/p03777/Python/s031164129.py
41,/data/codenet_python3_accepted/p03716/Python/s090906902.py
42,/data/codenet_python3_accepted/p03339/Python/s656753428.py
43,/data/codenet_python3_accepted/p03973/Python/s352295156.py
44,/data/codenet_python3_accepted/p03996/Python/s113139495.py
45,/data/codenet_python3_accepted/p03265/Python/s055359695.py
46,/data/codenet_python3_accepted/p03599/Python/s375696643.py
47,/data/codenet_python3_accepted/p03796/Python/s970842133.py
48,/data/codenet_python3_accepted/p03997/Python/s295998503.py
49,/data/codenet_python3_accepted/p02773/Python/s923762858.py
50,/data/codenet_python3_accepted/p03466/Python/s380896414.py
51,/data/codenet_python3_accepted/p03151/Python/s352732522.py
52,/data/codenet_python3_accepted/p03063/Python/s382294994.py
53,/data/codenet_python3_accepted/p03248/Python/s798515064.py
54,/data/codenet_python3_accepted/p02631/Python/s358694207.py
55,/data/codenet_python3_accepted/p03769/Python/s600323502.py
56,/data/codenet_python3_accepted/p03007/Python/s153707348.py
57,/data/codenet_python3_accepted/p03575/Python/s900377535.py
58,/data/codenet_python3_accepted/p02728/Python/s604252594.py
59,/data/codenet_python3_accepted/p03896/Python/s413005391.py
60,/data/codenet_python3_accepted/p03303/Python/s750805008.py
61,/data/codenet_python3_accepted/p03605/Python/s372833913.py
62,/data/codenet_python3_accepted/p02607/Python/s607044979.py
63,/data/codenet_python3_accepted/p03725/Python/s647695270.py
64,/data/codenet_python3_accepted/p03104/Python/s377135378.py
65,/data/codenet_python3_accepted/p03384/Python/s161571614.py
66,/data/codenet_python3_accepted/p03846/Python/s079475440.py
67,/data/codenet_python3_accepted/p02924/Python/s949763985.py
68,/data/codenet_python3_accepted/p03955/Python/s885575102.py
69,/data/codenet_python3_accepted/p04023/Python/s597663723.py
70,/data/codenet_python3_accepted/p03764/Python/s708759637.py
71,/data/codenet_python3_accepted/p03645/Python/s687434365.py
72,/data/codenet_python3_accepted/p03803/Python/s713277342.py
73,/data/codenet_python3_accepted/p03177/Python/s673205152.py
74,/data/codenet_python3_accepted/p02619/Python/s066885841.py
75,/data/codenet_python3_accepted/p03036/Python/s717657581.py
76,/data/codenet_python3_accepted/p03854/Python/s309002200.py
77,/data/codenet_python3_accepted/p02867/Python/s115935466.py
78,/data/codenet_python3_accepted/p03215/Python/s987961774.py
79,/data/codenet_python3_accepted/p03779/Python/s008685822.py
80,/data/codenet_python3_accepted/p03207/Python/s424460339.py
81,/data/codenet_python3_accepted/p02575/Python/s639772256.py
82,/data/codenet_python3_accepted/p02888/Python/s861850386.py
83,/data/codenet_python3_accepted/p02825/Python/s326574720.py
84,/data/codenet_python3_accepted/p02960/Python/s290974421.py
85,/data/codenet_python3_accepted/p03054/Python/s192878155.py
86,/data/codenet_python3_accepted/p03483/Python/s305560350.py
87,/data/codenet_python3_accepted/p03012/Python/s942861161.py
88,/data/codenet_python3_accepted/p03254/Python/s027793616.py
89,/data/codenet_python3_accepted/p03077/Python/s118634989.py
90,/data/codenet_python3_accepted/p04039/Python/s421764071.py
91,/data/codenet_python3_accepted/p02857/Python/s702969130.py
92,/data/codenet_python3_accepted/p03039/Python/s472615911.py
93,/data/codenet_python3_accepted/p03512/Python/s978467006.py
94,/data/codenet_python3_accepted/p02586/Python/s041003761.py
95,/data/codenet_python3_accepted/p03915/Python/s496646852.py
96,/data/codenet_python3_accepted/p02700/Python/s461231050.py
97,/data/codenet_python3_accepted/p02648/Python/s661893954.py
98,/data/codenet_python3_accepted/p03300/Python/s770273256.py
99,/data/codenet_python3_accepted/p03194/Python/s340074136.py
100,/data/codenet_python3_accepted/p02543/Python/s393494135.py
101,/data/codenet_python3_accepted/p02707/Python/s989371248.py
102,/data/codenet_python3_accepted/p02986/Python/s358422366.py
103,/data/codenet_python3_accepted/p02956/Python/s186881598.py
104,/data/codenet_python3_accepted/p03288/Python/s909651840.py
105,/data/codenet_python3_accepted/p03175/Python/s299483586.py
106,/data/codenet_python3_accepted/p03382/Python/s024757360.py
107,/data/codenet_python3_accepted/p03752/Python/s656218745.py
108,/data/codenet_python3_accepted/p02534/Python/s603394261.py
109,/data/codenet_python3_accepted/p02852/Python/s953988018.py
110,/data/codenet_python3_accepted/p02786/Python/s321808180.py
111,/data/codenet_python3_accepted/p03791/Python/s484707738.py
112,/data/codenet_python3_accepted/p03700/Python/s302616044.py
113,/data/codenet_python3_accepted/p02836/Python/s613650926.py
114,/data/codenet_python3_accepted/p03594/Python/s220793953.py
115,/data/codenet_python3_accepted/p02720/Python/s806212726.py
116,/data/codenet_python3_accepted/p03562/Python/s686861968.py
117,/data/codenet_python3_accepted/p02822/Python/s259414767.py
118,/data/codenet_python3_accepted/p02884/Python/s127781221.py
119,/data/codenet_python3_accepted/p03611/Python/s609980866.py
120,/data/codenet_python3_accepted/p03127/Python/s655752918.py
121,/data/codenet_python3_accepted/p03652/Python/s914666416.py
122,/data/codenet_python3_accepted/p03125/Python/s112143449.py
123,/data/codenet_python3_accepted/p03679/Python/s585968327.py
124,/data/codenet_python3_accepted/p03533/Python/s128196955.py
125,/data/codenet_python3_accepted/p02840/Python/s716733771.py
126,/data/codenet_python3_accepted/p02770/Python/s046100008.py
127,/data/codenet_python3_accepted/p03784/Python/s629043428.py
128,/data/codenet_python3_accepted/p02704/Python/s506942710.py
129,/data/codenet_python3_accepted/p02995/Python/s673522627.py
130,/data/codenet_python3_accepted/p03972/Python/s664898295.py
131,/data/codenet_python3_accepted/p02918/Python/s892656272.py
132,/data/codenet_python3_accepted/p03332/Python/s100373023.py
133,/data/codenet_python3_accepted/p03098/Python/s235780335.py
134,/data/codenet_python3_accepted/p03607/Python/s562197576.py
135,/data/codenet_python3_accepted/p03041/Python/s540003131.py
136,/data/codenet_python3_accepted/p03029/Python/s553469357.py
137,/data/codenet_python3_accepted/p03340/Python/s405327851.py
138,/data/codenet_python3_accepted/p03011/Python/s082871542.py
139,/data/codenet_python3_accepted/p03256/Python/s636471639.py
140,/data/codenet_python3_accepted/p03109/Python/s412557983.py
141,/data/codenet_python3_accepted/p03105/Python/s793144406.py
142,/data/codenet_python3_accepted/p02844/Python/s970600257.py
143,/data/codenet_python3_accepted/p03279/Python/s567746659.py
144,/data/codenet_python3_accepted/p02838/Python/s327578046.py
145,/data/codenet_python3_accepted/p02783/Python/s568262171.py
146,/data/codenet_python3_accepted/p03525/Python/s267371990.py
147,/data/codenet_python3_accepted/p02900/Python/s918255035.py
148,/data/codenet_python3_accepted/p03274/Python/s991727188.py
149,/data/codenet_python3_accepted/p03773/Python/s865887961.py
150,/data/codenet_python3_accepted/p04034/Python/s593736177.py
151,/data/codenet_python3_accepted/p03949/Python/s904084597.py
152,/data/codenet_python3_accepted/p03506/Python/s225556664.py
153,/data/codenet_python3_accepted/p02943/Python/s341193861.py
154,/data/codenet_python3_accepted/p02761/Python/s055968997.py
155,/data/codenet_python3_accepted/p02984/Python/s687269741.py
156,/data/codenet_python3_accepted/p03139/Python/s838950442.py
157,/data/codenet_python3_accepted/p03266/Python/s857504646.py
158,/data/codenet_python3_accepted/p02537/Python/s492015492.py
159,/data/codenet_python3_accepted/p02601/Python/s797873996.py
160,/data/codenet_python3_accepted/p03681/Python/s827522989.py
161,/data/codenet_python3_accepted/p03417/Python/s094781672.py
162,/data/codenet_python3_accepted/p03488/Python/s571098427.py
163,/data/codenet_python3_accepted/p03504/Python/s936668140.py
164,/data/codenet_python3_accepted/p03763/Python/s920142024.py
165,/data/codenet_python3_accepted/p03469/Python/s875902619.py
166,/data/codenet_python3_accepted/p03690/Python/s001733178.py
167,/data/codenet_python3_accepted/p03073/Python/s546871294.py
168,/data/codenet_python3_accepted/p03023/Python/s853253972.py
169,/data/codenet_python3_accepted/p03153/Python/s293945633.py
170,/data/codenet_python3_accepted/p03069/Python/s862924462.py
171,/data/codenet_python3_accepted/p03436/Python/s630788803.py
172,/data/codenet_python3_accepted/p03095/Python/s563859608.py
173,/data/codenet_python3_accepted/p04027/Python/s767954875.py
174,/data/codenet_python3_accepted/p03110/Python/s020464235.py
175,/data/codenet_python3_accepted/p02882/Python/s143469478.py
176,/data/codenet_python3_accepted/p03548/Python/s916954401.py
177,/data/codenet_python3_accepted/p02853/Python/s657033248.py
178,/data/codenet_python3_accepted/p03485/Python/s012958996.py
179,/data/codenet_python3_accepted/p03448/Python/s885622891.py
180,/data/codenet_python3_accepted/p03582/Python/s596704609.py
181,/data/codenet_python3_accepted/p02581/Python/s325426598.py
182,/data/codenet_python3_accepted/p02582/Python/s912806191.py
183,/data/codenet_python3_accepted/p02764/Python/s232370307.py
184,/data/codenet_python3_accepted/p03164/Python/s791503349.py
185,/data/codenet_python3_accepted/p03568/Python/s546076543.py
186,/data/codenet_python3_accepted/p03454/Python/s688481996.py
187,/data/codenet_python3_accepted/p03137/Python/s563049414.py
188,/data/codenet_python3_accepted/p02743/Python/s548000675.py
189,/data/codenet_python3_accepted/p02919/Python/s778277786.py
190,/data/codenet_python3_accepted/p03644/Python/s373269810.py
191,/data/codenet_python3_accepted/p03067/Python/s718362591.py
192,/data/codenet_python3_accepted/p03042/Python/s691740195.py
193,/data/codenet_python3_accepted/p02806/Python/s398008722.py
194,/data/codenet_python3_accepted/p02848/Python/s505099629.py
195,/data/codenet_python3_accepted/p03998/Python/s237899987.py
196,/data/codenet_python3_accepted/p03460/Python/s857162844.py
197,/data/codenet_python3_accepted/p03648/Python/s597282994.py
198,/data/codenet_python3_accepted/p03203/Python/s559940748.py
199,/data/codenet_python3_accepted/p03391/Python/s105924043.py
200,/data/codenet_python3_accepted/p02559/Python/s357028782.py
201,/data/codenet_python3_accepted/p03096/Python/s805474267.py
202,/data/codenet_python3_accepted/p02992/Python/s666795403.py
203,/data/codenet_python3_accepted/p02788/Python/s079641416.py
204,/data/codenet_python3_accepted/p02903/Python/s165465474.py
205,/data/codenet_python3_accepted/p03845/Python/s819200291.py
206,/data/codenet_python3_accepted/p03776/Python/s272546613.py
207,/data/codenet_python3_accepted/p02553/Python/s397854463.py
208,/data/codenet_python3_accepted/p03684/Python/s501218486.py
209,/data/codenet_python3_accepted/p02576/Python/s565033147.py
210,/data/codenet_python3_accepted/p03009/Python/s402648627.py
211,/data/codenet_python3_accepted/p02985/Python/s194057322.py
212,/data/codenet_python3_accepted/p04003/Python/s820265997.py
213,/data/codenet_python3_accepted/p03939/Python/s859749084.py
214,/data/codenet_python3_accepted/p03079/Python/s787783072.py
215,/data/codenet_python3_accepted/p02625/Python/s365299578.py
216,/data/codenet_python3_accepted/p04040/Python/s535319763.py
217,/data/codenet_python3_accepted/p03198/Python/s189573461.py
218,/data/codenet_python3_accepted/p03319/Python/s314548033.py
219,/data/codenet_python3_accepted/p03297/Python/s242785650.py
220,/data/codenet_python3_accepted/p03761/Python/s580941480.py
221,/data/codenet_python3_accepted/p03088/Python/s394609379.py
222,/data/codenet_python3_accepted/p02891/Python/s742236408.py
223,/data/codenet_python3_accepted/p03680/Python/s932970258.py
224,/data/codenet_python3_accepted/p03421/Python/s645959818.py
225,/data/codenet_python3_accepted/p02736/Python/s491498797.py
226,/data/codenet_python3_accepted/p03008/Python/s241621486.py
227,/data/codenet_python3_accepted/p03637/Python/s227399949.py
228,/data/codenet_python3_accepted/p02941/Python/s094410472.py
229,/data/codenet_python3_accepted/p04017/Python/s884346131.py
230,/data/codenet_python3_accepted/p02716/Python/s914320377.py
231,/data/codenet_python3_accepted/p03292/Python/s172406601.py
232,/data/codenet_python3_accepted/p02709/Python/s578208338.py
233,/data/codenet_python3_accepted/p03323/Python/s359963049.py
234,/data/codenet_python3_accepted/p02608/Python/s708877844.py
235,/data/codenet_python3_accepted/p03157/Python/s953668259.py
236,/data/codenet_python3_accepted/p03635/Python/s282016763.py
237,/data/codenet_python3_accepted/p02679/Python/s671280039.py
238,/data/codenet_python3_accepted/p02994/Python/s280451106.py
239,/data/codenet_python3_accepted/p03507/Python/s423887276.py
240,/data/codenet_python3_accepted/p02811/Python/s697432700.py
241,/data/codenet_python3_accepted/p02721/Python/s609457503.py
242,/data/codenet_python3_accepted/p03713/Python/s030100594.py
243,/data/codenet_python3_accepted/p03913/Python/s838897196.py
244,/data/codenet_python3_accepted/p02711/Python/s869491106.py
245,/data/codenet_python3_accepted/p02936/Python/s735999708.py
246,/data/codenet_python3_accepted/p03499/Python/s853970064.py
247,/data/codenet_python3_accepted/p03536/Python/s334603369.py
248,/data/codenet_python3_accepted/p02801/Python/s319126202.py
249,/data/codenet_python3_accepted/p03767/Python/s133427201.py
250,/data/codenet_python3_accepted/p03792/Python/s070576207.py
251,/data/codenet_python3_accepted/p02874/Python/s720153867.py
252,/data/codenet_python3_accepted/p03516/Python/s313131643.py
253,/data/codenet_python3_accepted/p03000/Python/s817417874.py
254,/data/codenet_python3_accepted/p03026/Python/s364477975.py
255,/data/codenet_python3_accepted/p03334/Python/s131679645.py
256,/data/codenet_python3_accepted/p02671/Python/s639029211.py
257,/data/codenet_python3_accepted/p03062/Python/s928601342.py
258,/data/codenet_python3_accepted/p03173/Python/s585052356.py
259,/data/codenet_python3_accepted/p02798/Python/s076348847.py
260,/data/codenet_python3_accepted/p03708/Python/s634646605.py
261,/data/codenet_python3_accepted/p02675/Python/s842772894.py
262,/data/codenet_python3_accepted/p02715/Python/s672337207.py
263,/data/codenet_python3_accepted/p03806/Python/s599103270.py
264,/data/codenet_python3_accepted/p03963/Python/s895864916.py
265,/data/codenet_python3_accepted/p02708/Python/s871734684.py
266,/data/codenet_python3_accepted/p03626/Python/s876299659.py
267,/data/codenet_python3_accepted/p02628/Python/s980180329.py
268,/data/codenet_python3_accepted/p03394/Python/s480825263.py
269,/data/codenet_python3_accepted/p03737/Python/s462142218.py
270,/data/codenet_python3_accepted/p04032/Python/s309077922.py
271,/data/codenet_python3_accepted/p02705/Python/s439908132.py
272,/data/codenet_python3_accepted/p03816/Python/s905904167.py
273,/data/codenet_python3_accepted/p02717/Python/s976679036.py
274,/data/codenet_python3_accepted/p02998/Python/s163534094.py
275,/data/codenet_python3_accepted/p02589/Python/s940921575.py
276,/data/codenet_python3_accepted/p03731/Python/s905664126.py
277,/data/codenet_python3_accepted/p02562/Python/s832835519.py
278,/data/codenet_python3_accepted/p03509/Python/s590971596.py
279,/data/codenet_python3_accepted/p02659/Python/s980533409.py
280,/data/codenet_python3_accepted/p03371/Python/s843572578.py
281,/data/codenet_python3_accepted/p02846/Python/s323110505.py
282,/data/codenet_python3_accepted/p04002/Python/s826160486.py
283,/data/codenet_python3_accepted/p02939/Python/s634485857.py
284,/data/codenet_python3_accepted/p03005/Python/s662507206.py
285,/data/codenet_python3_accepted/p02678/Python/s763719440.py
286,/data/codenet_python3_accepted/p03824/Python/s677601693.py
287,/data/codenet_python3_accepted/p03006/Python/s503367367.py
288,/data/codenet_python3_accepted/p02556/Python/s787341788.py
289,/data/codenet_python3_accepted/p02706/Python/s105811202.py
290,/data/codenet_python3_accepted/p03249/Python/s894993406.py
291,/data/codenet_python3_accepted/p03196/Python/s303227290.py
292,/data/codenet_python3_accepted/p02633/Python/s867112534.py
293,/data/codenet_python3_accepted/p03578/Python/s606342214.py
294,/data/codenet_python3_accepted/p03059/Python/s076291172.py
295,/data/codenet_python3_accepted/p02577/Python/s721545670.py
296,/data/codenet_python3_accepted/p03672/Python/s567744658.py
297,/data/codenet_python3_accepted/p03798/Python/s493991909.py
298,/data/codenet_python3_accepted/p03135/Python/s290691971.py
299,/data/codenet_python3_accepted/p03268/Python/s917532824.py
300,/data/codenet_python3_accepted/p02754/Python/s226448081.py
301,/data/codenet_python3_accepted/p03520/Python/s215591791.py
302,/data/codenet_python3_accepted/p03281/Python/s504415176.py
303,/data/codenet_python3_accepted/p03975/Python/s074921256.py
304,/data/codenet_python3_accepted/p02592/Python/s620703517.py
305,/data/codenet_python3_accepted/p03931/Python/s744223355.py
306,/data/codenet_python3_accepted/p03577/Python/s370132450.py
307,/data/codenet_python3_accepted/p02591/Python/s552048803.py
308,/data/codenet_python3_accepted/p03774/Python/s384750098.py
309,/data/codenet_python3_accepted/p02746/Python/s552286625.py
310,/data/codenet_python3_accepted/p02983/Python/s842158447.py
311,/data/codenet_python3_accepted/p03091/Python/s985095918.py
312,/data/codenet_python3_accepted/p02703/Python/s396204408.py
313,/data/codenet_python3_accepted/p02563/Python/s446076854.py
314,/data/codenet_python3_accepted/p02609/Python/s822739405.py
315,/data/codenet_python3_accepted/p02776/Python/s084275589.py
316,/data/codenet_python3_accepted/p03697/Python/s356795709.py
317,/data/codenet_python3_accepted/p03814/Python/s284327527.py
318,/data/codenet_python3_accepted/p02649/Python/s122055425.py
319,/data/codenet_python3_accepted/p03245/Python/s406276792.py
320,/data/codenet_python3_accepted/p02961/Python/s610411347.py
321,/data/codenet_python3_accepted/p02932/Python/s819281175.py
322,/data/codenet_python3_accepted/p02819/Python/s084666325.py
323,/data/codenet_python3_accepted/p02902/Python/s224933666.py
324,/data/codenet_python3_accepted/p02685/Python/s943549616.py
325,/data/codenet_python3_accepted/p02579/Python/s229452155.py
326,/data/codenet_python3_accepted/p03183/Python/s176020826.py
327,/data/codenet_python3_accepted/p02538/Python/s612785031.py
328,/data/codenet_python3_accepted/p03627/Python/s769061762.py
329,/data/codenet_python3_accepted/p02630/Python/s132265861.py
330,/data/codenet_python3_accepted/p02600/Python/s050869036.py
331,/data/codenet_python3_accepted/p03919/Python/s233095357.py
332,/data/codenet_python3_accepted/p03463/Python/s178482598.py
333,/data/codenet_python3_accepted/p03174/Python/s671416166.py
334,/data/codenet_python3_accepted/p03480/Python/s687705798.py
335,/data/codenet_python3_accepted/p03910/Python/s304864155.py
336,/data/codenet_python3_accepted/p03130/Python/s325475487.py
337,/data/codenet_python3_accepted/p02759/Python/s687860449.py
338,/data/codenet_python3_accepted/p02667/Python/s266376741.py
339,/data/codenet_python3_accepted/p02861/Python/s959599192.py
340,/data/codenet_python3_accepted/p03612/Python/s487889913.py
341,/data/codenet_python3_accepted/p03092/Python/s652017634.py
342,/data/codenet_python3_accepted/p03759/Python/s014434413.py
343,/data/codenet_python3_accepted/p03471/Python/s373632679.py
344,/data/codenet_python3_accepted/p02572/Python/s499360141.py
345,/data/codenet_python3_accepted/p03420/Python/s779690977.py
346,/data/codenet_python3_accepted/p02928/Python/s230954175.py
347,/data/codenet_python3_accepted/p02899/Python/s716647689.py
348,/data/codenet_python3_accepted/p03318/Python/s853417244.py
349,/data/codenet_python3_accepted/p03186/Python/s981599850.py
350,/data/codenet_python3_accepted/p02578/Python/s185151104.py
351,/data/codenet_python3_accepted/p03569/Python/s456322077.py
352,/data/codenet_python3_accepted/p02742/Python/s750787744.py
353,/data/codenet_python3_accepted/p03557/Python/s129114309.py
354,/data/codenet_python3_accepted/p03224/Python/s981883249.py
355,/data/codenet_python3_accepted/p02974/Python/s715169152.py
356,/data/codenet_python3_accepted/p03487/Python/s008378612.py
357,/data/codenet_python3_accepted/p03613/Python/s156288358.py
358,/data/codenet_python3_accepted/p02732/Python/s139760845.py
359,/data/codenet_python3_accepted/p03754/Python/s686709834.py
360,/data/codenet_python3_accepted/p03294/Python/s543827831.py
361,/data/codenet_python3_accepted/p03200/Python/s455833503.py
362,/data/codenet_python3_accepted/p02756/Python/s341087581.py
363,/data/codenet_python3_accepted/p03403/Python/s069556408.py
364,/data/codenet_python3_accepted/p03840/Python/s951463135.py
365,/data/codenet_python3_accepted/p03486/Python/s705016029.py
366,/data/codenet_python3_accepted/p02796/Python/s018923433.py
367,/data/codenet_python3_accepted/p02785/Python/s468470074.py
368,/data/codenet_python3_accepted/p03386/Python/s489284507.py
369,/data/codenet_python3_accepted/p03821/Python/s241970134.py
370,/data/codenet_python3_accepted/p02879/Python/s627514877.py
371,/data/codenet_python3_accepted/p02558/Python/s567845674.py
372,/data/codenet_python3_accepted/p03775/Python/s486517305.py
373,/data/codenet_python3_accepted/p03033/Python/s032328145.py
374,/data/codenet_python3_accepted/p03733/Python/s106794223.py
375,/data/codenet_python3_accepted/p03800/Python/s041668275.py
376,/data/codenet_python3_accepted/p03050/Python/s243942050.py
377,/data/codenet_python3_accepted/p02778/Python/s265784189.py
378,/data/codenet_python3_accepted/p03208/Python/s828192414.py
379,/data/codenet_python3_accepted/p03494/Python/s290718975.py
380,/data/codenet_python3_accepted/p02779/Python/s909002085.py
381,/data/codenet_python3_accepted/p03415/Python/s130009662.py
382,/data/codenet_python3_accepted/p03717/Python/s097410868.py
383,/data/codenet_python3_accepted/p03546/Python/s657361539.py
384,/data/codenet_python3_accepted/p03597/Python/s366712491.py
385,/data/codenet_python3_accepted/p04019/Python/s818396359.py
386,/data/codenet_python3_accepted/p03385/Python/s580732136.py
387,/data/codenet_python3_accepted/p03544/Python/s960332841.py
388,/data/codenet_python3_accepted/p03999/Python/s297583537.py
389,/data/codenet_python3_accepted/p03615/Python/s606163554.py
390,/data/codenet_python3_accepted/p03024/Python/s428989879.py
391,/data/codenet_python3_accepted/p03025/Python/s983164945.py
392,/data/codenet_python3_accepted/p02738/Python/s923612986.py
393,/data/codenet_python3_accepted/p03822/Python/s275315639.py
394,/data/codenet_python3_accepted/p03954/Python/s773273342.py
395,/data/codenet_python3_accepted/p04006/Python/s143978584.py
396,/data/codenet_python3_accepted/p03401/Python/s146621454.py
397,/data/codenet_python3_accepted/p02713/Python/s990495135.py
398,/data/codenet_python3_accepted/p03585/Python/s545402559.py
399,/data/codenet_python3_accepted/p03912/Python/s370197224.py
400,/data/codenet_python3_accepted/p04044/Python/s725110268.py
401,/data/codenet_python3_accepted/p02774/Python/s945332835.py
402,/data/codenet_python3_accepted/p03591/Python/s655800014.py
403,/data/codenet_python3_accepted/p02873/Python/s924151914.py
404,/data/codenet_python3_accepted/p03428/Python/s869091668.py
405,/data/codenet_python3_accepted/p03650/Python/s852991382.py
406,/data/codenet_python3_accepted/p03078/Python/s671895249.py
407,/data/codenet_python3_accepted/p02584/Python/s458825954.py
408,/data/codenet_python3_accepted/p03993/Python/s349521334.py
409,/data/codenet_python3_accepted/p04007/Python/s543232207.py
410,/data/codenet_python3_accepted/p03665/Python/s971305862.py
411,/data/codenet_python3_accepted/p02906/Python/s466105609.py
412,/data/codenet_python3_accepted/p03093/Python/s067580912.py
413,/data/codenet_python3_accepted/p02784/Python/s756050931.py
414,/data/codenet_python3_accepted/p03061/Python/s785836243.py
415,/data/codenet_python3_accepted/p02963/Python/s649841633.py
416,/data/codenet_python3_accepted/p03241/Python/s529522367.py
417,/data/codenet_python3_accepted/p03819/Python/s198228144.py
418,/data/codenet_python3_accepted/p02599/Python/s617783374.py
419,/data/codenet_python3_accepted/p02850/Python/s988575748.py
420,/data/codenet_python3_accepted/p03172/Python/s270703476.py
421,/data/codenet_python3_accepted/p04001/Python/s447779749.py
422,/data/codenet_python3_accepted/p03229/Python/s068318372.py
423,/data/codenet_python3_accepted/p02823/Python/s952060422.py
424,/data/codenet_python3_accepted/p02839/Python/s541952261.py
425,/data/codenet_python3_accepted/p02881/Python/s359591090.py
426,/data/codenet_python3_accepted/p03378/Python/s902892624.py
427,/data/codenet_python3_accepted/p03563/Python/s142101885.py
428,/data/codenet_python3_accepted/p03940/Python/s428943383.py
429,/data/codenet_python3_accepted/p03786/Python/s112924862.py
430,/data/codenet_python3_accepted/p02767/Python/s439756647.py
431,/data/codenet_python3_accepted/p03331/Python/s913841723.py
432,/data/codenet_python3_accepted/p03902/Python/s795000951.py
433,/data/codenet_python3_accepted/p03934/Python/s468241881.py
434,/data/codenet_python3_accepted/p03102/Python/s620640489.py
435,/data/codenet_python3_accepted/p03944/Python/s513973297.py
436,/data/codenet_python3_accepted/p02637/Python/s902919271.py
437,/data/codenet_python3_accepted/p03751/Python/s598002010.py
438,/data/codenet_python3_accepted/p02854/Python/s381422488.py
439,/data/codenet_python3_accepted/p02734/Python/s040809235.py
440,/data/codenet_python3_accepted/p03593/Python/s704000431.py
441,/data/codenet_python3_accepted/p03729/Python/s599260602.py
442,/data/codenet_python3_accepted/p03850/Python/s324663696.py
443,/data/codenet_python3_accepted/p02555/Python/s699627099.py
444,/data/codenet_python3_accepted/p03074/Python/s976144289.py
445,/data/codenet_python3_accepted/p03823/Python/s752983642.py
446,/data/codenet_python3_accepted/p03659/Python/s159074631.py
447,/data/codenet_python3_accepted/p03812/Python/s983611448.py
448,/data/codenet_python3_accepted/p02730/Python/s705540679.py
449,/data/codenet_python3_accepted/p02536/Python/s698213598.py
450,/data/codenet_python3_accepted/p03696/Python/s750146947.py
451,/data/codenet_python3_accepted/p02551/Python/s636570439.py
452,/data/codenet_python3_accepted/p03880/Python/s995276463.py
453,/data/codenet_python3_accepted/p02598/Python/s861536207.py
454,/data/codenet_python3_accepted/p02702/Python/s128732916.py
455,/data/codenet_python3_accepted/p03373/Python/s819441549.py
456,/data/codenet_python3_accepted/p03035/Python/s693991637.py
457,/data/codenet_python3_accepted/p03071/Python/s357989380.py
458,/data/codenet_python3_accepted/p03193/Python/s787209209.py
459,/data/codenet_python3_accepted/p02701/Python/s532695269.py
460,/data/codenet_python3_accepted/p03712/Python/s820529965.py
461,/data/codenet_python3_accepted/p03345/Python/s591583675.py
462,/data/codenet_python3_accepted/p04031/Python/s754572892.py
463,/data/codenet_python3_accepted/p03283/Python/s322173055.py
464,/data/codenet_python3_accepted/p03390/Python/s934385732.py
465,/data/codenet_python3_accepted/p03360/Python/s095588490.py
466,/data/codenet_python3_accepted/p02763/Python/s036145525.py
467,/data/codenet_python3_accepted/p03113/Python/s985214437.py
468,/data/codenet_python3_accepted/p03165/Python/s262078391.py
469,/data/codenet_python3_accepted/p02542/Python/s781843024.py
470,/data/codenet_python3_accepted/p03162/Python/s267155639.py
471,/data/codenet_python3_accepted/p02755/Python/s471457819.py
472,/data/codenet_python3_accepted/p03408/Python/s278022651.py
473,/data/codenet_python3_accepted/p03282/Python/s441517766.py
474,/data/codenet_python3_accepted/p03553/Python/s602309383.py
475,/data/codenet_python3_accepted/p03038/Python/s904634187.py
476,/data/codenet_python3_accepted/p02621/Python/s398502552.py
477,/data/codenet_python3_accepted/p02887/Python/s353078161.py
478,/data/codenet_python3_accepted/p03699/Python/s310450867.py
479,/data/codenet_python3_accepted/p03862/Python/s484498281.py
480,/data/codenet_python3_accepted/p02722/Python/s781559782.py
481,/data/codenet_python3_accepted/p03787/Python/s295287285.py
482,/data/codenet_python3_accepted/p02959/Python/s531741923.py
483,/data/codenet_python3_accepted/p03225/Python/s609103237.py
484,/data/codenet_python3_accepted/p03856/Python/s835931428.py
485,/data/codenet_python3_accepted/p03244/Python/s765932245.py
486,/data/codenet_python3_accepted/p03636/Python/s616364846.py
487,/data/codenet_python3_accepted/p02634/Python/s541012854.py
488,/data/codenet_python3_accepted/p03622/Python/s231282529.py
489,/data/codenet_python3_accepted/p03780/Python/s621125882.py
490,/data/codenet_python3_accepted/p03450/Python/s931914868.py
491,/data/codenet_python3_accepted/p02824/Python/s866500091.py
492,/data/codenet_python3_accepted/p02820/Python/s654352661.py
493,/data/codenet_python3_accepted/p03082/Python/s686978004.py
494,/data/codenet_python3_accepted/p02588/Python/s263936096.py
495,/data/codenet_python3_accepted/p03118/Python/s656317995.py
496,/data/codenet_python3_accepted/p03275/Python/s259634555.py
497,/data/codenet_python3_accepted/p03344/Python/s921645248.py
498,/data/codenet_python3_accepted/p03223/Python/s026247544.py
499,/data/codenet_python3_accepted/p03252/Python/s765145905.py
500,/data/codenet_python3_accepted/p02787/Python/s132425731.py
501,/data/codenet_python3_accepted/p02749/Python/s952942186.py
502,/data/codenet_python3_accepted/p03714/Python/s051319775.py
503,/data/codenet_python3_accepted/p03921/Python/s977349307.py
504,/data/codenet_python3_accepted/p03433/Python/s971255729.py
505,/data/codenet_python3_accepted/p02653/Python/s212460923.py
506,/data/codenet_python3_accepted/p04005/Python/s761548732.py
507,/data/codenet_python3_accepted/p03702/Python/s320146418.py
508,/data/codenet_python3_accepted/p02953/Python/s749727070.py
509,/data/codenet_python3_accepted/p03358/Python/s121733965.py
510,/data/codenet_python3_accepted/p03867/Python/s889155200.py
511,/data/codenet_python3_accepted/p03001/Python/s865043477.py
512,/data/codenet_python3_accepted/p02546/Python/s522284172.py
513,/data/codenet_python3_accepted/p04043/Python/s336188946.py
514,/data/codenet_python3_accepted/p02668/Python/s630462637.py
515,/data/codenet_python3_accepted/p03192/Python/s041319062.py
516,/data/codenet_python3_accepted/p02611/Python/s423264718.py
517,/data/codenet_python3_accepted/p03639/Python/s038380141.py
518,/data/codenet_python3_accepted/p02620/Python/s466632672.py
519,/data/codenet_python3_accepted/p03423/Python/s508004642.py
520,/data/codenet_python3_accepted/p03103/Python/s228037299.py
521,/data/codenet_python3_accepted/p03491/Python/s721742467.py
522,/data/codenet_python3_accepted/p03187/Python/s939024678.py
523,/data/codenet_python3_accepted/p03966/Python/s881103787.py
524,/data/codenet_python3_accepted/p03790/Python/s584512040.py
525,/data/codenet_python3_accepted/p02859/Python/s497342347.py
526,/data/codenet_python3_accepted/p03595/Python/s123619103.py
527,/data/codenet_python3_accepted/p03112/Python/s836041440.py
528,/data/codenet_python3_accepted/p03547/Python/s330574879.py
529,/data/codenet_python3_accepted/p02617/Python/s488534707.py
530,/data/codenet_python3_accepted/p03435/Python/s370616138.py
531,/data/codenet_python3_accepted/p02805/Python/s293508262.py
532,/data/codenet_python3_accepted/p03952/Python/s896043023.py
533,/data/codenet_python3_accepted/p03442/Python/s842290030.py
534,/data/codenet_python3_accepted/p03395/Python/s154689016.py
535,/data/codenet_python3_accepted/p03492/Python/s718235836.py
536,/data/codenet_python3_accepted/p02655/Python/s156909722.py
537,/data/codenet_python3_accepted/p03629/Python/s157107151.py
538,/data/codenet_python3_accepted/p03476/Python/s424884036.py
539,/data/codenet_python3_accepted/p03076/Python/s079299573.py
540,/data/codenet_python3_accepted/p03246/Python/s202942572.py
541,/data/codenet_python3_accepted/p02916/Python/s798201143.py
542,/data/codenet_python3_accepted/p03154/Python/s575347526.py
543,/data/codenet_python3_accepted/p02829/Python/s080486599.py
544,/data/codenet_python3_accepted/p03044/Python/s419750466.py
545,/data/codenet_python3_accepted/p03660/Python/s373494306.py
546,/data/codenet_python3_accepted/p03570/Python/s066282874.py
547,/data/codenet_python3_accepted/p03221/Python/s368947926.py
548,/data/codenet_python3_accepted/p04035/Python/s644788977.py
549,/data/codenet_python3_accepted/p03804/Python/s630083359.py
550,/data/codenet_python3_accepted/p03239/Python/s524929595.py
551,/data/codenet_python3_accepted/p04022/Python/s046325228.py
552,/data/codenet_python3_accepted/p02927/Python/s005207442.py
553,/data/codenet_python3_accepted/p03167/Python/s084742488.py
554,/data/codenet_python3_accepted/p03213/Python/s304410827.py
555,/data/codenet_python3_accepted/p03313/Python/s045568129.py
556,/data/codenet_python3_accepted/p02729/Python/s214180955.py
557,/data/codenet_python3_accepted/p02544/Python/s489608179.py
558,/data/codenet_python3_accepted/p03828/Python/s153919287.py
559,/data/codenet_python3_accepted/p03412/Python/s453331660.py
560,/data/codenet_python3_accepted/p02677/Python/s321904715.py
561,/data/codenet_python3_accepted/p03379/Python/s001723018.py
562,/data/codenet_python3_accepted/p02794/Python/s124753125.py
563,/data/codenet_python3_accepted/p03199/Python/s333914188.py
564,/data/codenet_python3_accepted/p02771/Python/s062939868.py
565,/data/codenet_python3_accepted/p03693/Python/s538583305.py
566,/data/codenet_python3_accepted/p02954/Python/s507509498.py
567,/data/codenet_python3_accepted/p02930/Python/s940618664.py
568,/data/codenet_python3_accepted/p03299/Python/s746891580.py
569,/data/codenet_python3_accepted/p02690/Python/s442759011.py
570,/data/codenet_python3_accepted/p03416/Python/s119329049.py
571,/data/codenet_python3_accepted/p03047/Python/s764451530.py
572,/data/codenet_python3_accepted/p04028/Python/s456523910.py
573,/data/codenet_python3_accepted/p03238/Python/s896794065.py
574,/data/codenet_python3_accepted/p02917/Python/s820794976.py
575,/data/codenet_python3_accepted/p03688/Python/s870271858.py
576,/data/codenet_python3_accepted/p02946/Python/s116275062.py
577,/data/codenet_python3_accepted/p02996/Python/s645590885.py
578,/data/codenet_python3_accepted/p03424/Python/s005156858.py
579,/data/codenet_python3_accepted/p03641/Python/s666870006.py
580,/data/codenet_python3_accepted/p03718/Python/s286673530.py
581,/data/codenet_python3_accepted/p03859/Python/s060672313.py
582,/data/codenet_python3_accepted/p04029/Python/s078236093.py
583,/data/codenet_python3_accepted/p03456/Python/s647125114.py
584,/data/codenet_python3_accepted/p02686/Python/s642611525.py
585,/data/codenet_python3_accepted/p02990/Python/s692767249.py
586,/data/codenet_python3_accepted/p03619/Python/s966788056.py
587,/data/codenet_python3_accepted/p03514/Python/s192873704.py
588,/data/codenet_python3_accepted/p03561/Python/s309064778.py
589,/data/codenet_python3_accepted/p03686/Python/s346841884.py
590,/data/codenet_python3_accepted/p03674/Python/s722460180.py
591,/data/codenet_python3_accepted/p02975/Python/s029938842.py
592,/data/codenet_python3_accepted/p03285/Python/s575806560.py
593,/data/codenet_python3_accepted/p02682/Python/s583839773.py
594,/data/codenet_python3_accepted/p03829/Python/s328937107.py
595,/data/codenet_python3_accepted/p04014/Python/s335023155.py
596,/data/codenet_python3_accepted/p03146/Python/s072234832.py
597,/data/codenet_python3_accepted/p02923/Python/s938974336.py
598,/data/codenet_python3_accepted/p03410/Python/s552545747.py
599,/data/codenet_python3_accepted/p02691/Python/s832027167.py
600,/data/codenet_python3_accepted/p03860/Python/s168611820.py
601,/data/codenet_python3_accepted/p03353/Python/s940303728.py
602,/data/codenet_python3_accepted/p03018/Python/s027870573.py
603,/data/codenet_python3_accepted/p03261/Python/s812785009.py
604,/data/codenet_python3_accepted/p02833/Python/s879108370.py
605,/data/codenet_python3_accepted/p03878/Python/s199841591.py
606,/data/codenet_python3_accepted/p03909/Python/s348808024.py
607,/data/codenet_python3_accepted/p02647/Python/s106189976.py
608,/data/codenet_python3_accepted/p03505/Python/s600715648.py
609,/data/codenet_python3_accepted/p02550/Python/s790662110.py
610,/data/codenet_python3_accepted/p03778/Python/s325534608.py
611,/data/codenet_python3_accepted/p02680/Python/s271806608.py
612,/data/codenet_python3_accepted/p02830/Python/s857924370.py
613,/data/codenet_python3_accepted/p03633/Python/s188426131.py
614,/data/codenet_python3_accepted/p03037/Python/s781542057.py
615,/data/codenet_python3_accepted/p02883/Python/s642976525.py
616,/data/codenet_python3_accepted/p03326/Python/s773581181.py
617,/data/codenet_python3_accepted/p03534/Python/s613282257.py
618,/data/codenet_python3_accepted/p03305/Python/s507784337.py
619,/data/codenet_python3_accepted/p04021/Python/s385663365.py
620,/data/codenet_python3_accepted/p03528/Python/s954301373.py
621,/data/codenet_python3_accepted/p03983/Python/s069225198.py
622,/data/codenet_python3_accepted/p02585/Python/s048892507.py
623,/data/codenet_python3_accepted/p04050/Python/s065079131.py
624,/data/codenet_python3_accepted/p03564/Python/s475343110.py
625,/data/codenet_python3_accepted/p03405/Python/s281685118.py
626,/data/codenet_python3_accepted/p03662/Python/s937634146.py
627,/data/codenet_python3_accepted/p02654/Python/s046593173.py
628,/data/codenet_python3_accepted/p03284/Python/s865572751.py
629,/data/codenet_python3_accepted/p03979/Python/s401059787.py
630,/data/codenet_python3_accepted/p02808/Python/s109653271.py
631,/data/codenet_python3_accepted/p03392/Python/s225546034.py
632,/data/codenet_python3_accepted/p03497/Python/s560245705.py
633,/data/codenet_python3_accepted/p02926/Python/s011527752.py
634,/data/codenet_python3_accepted/p03589/Python/s671819204.py
635,/data/codenet_python3_accepted/p03027/Python/s094545508.py
636,/data/codenet_python3_accepted/p03101/Python/s008478212.py
637,/data/codenet_python3_accepted/p03634/Python/s567041464.py
638,/data/codenet_python3_accepted/p03217/Python/s890023803.py
639,/data/codenet_python3_accepted/p03290/Python/s437278333.py
640,/data/codenet_python3_accepted/p04052/Python/s332524056.py
641,/data/codenet_python3_accepted/p03490/Python/s093477105.py
642,/data/codenet_python3_accepted/p03212/Python/s034265950.py
643,/data/codenet_python3_accepted/p02554/Python/s551482675.py
644,/data/codenet_python3_accepted/p03477/Python/s303497823.py
645,/data/codenet_python3_accepted/p02639/Python/s664412236.py
646,/data/codenet_python3_accepted/p03701/Python/s882991391.py
647,/data/codenet_python3_accepted/p03510/Python/s214766944.py
648,/data/codenet_python3_accepted/p03129/Python/s113956523.py
649,/data/codenet_python3_accepted/p03655/Python/s134618058.py
650,/data/codenet_python3_accepted/p03434/Python/s947056299.py
651,/data/codenet_python3_accepted/p03427/Python/s272185751.py
652,/data/codenet_python3_accepted/p02753/Python/s549385575.py
653,/data/codenet_python3_accepted/p03883/Python/s235516171.py
654,/data/codenet_python3_accepted/p02920/Python/s655424517.py
655,/data/codenet_python3_accepted/p03314/Python/s188724744.py
656,/data/codenet_python3_accepted/p02596/Python/s838540391.py
657,/data/codenet_python3_accepted/p03057/Python/s975082867.py
658,/data/codenet_python3_accepted/p02683/Python/s569602651.py
659,/data/codenet_python3_accepted/p02847/Python/s076187654.py
660,/data/codenet_python3_accepted/p04015/Python/s885224991.py
661,/data/codenet_python3_accepted/p03470/Python/s037942383.py
662,/data/codenet_python3_accepted/p03640/Python/s179723639.py
663,/data/codenet_python3_accepted/p03260/Python/s469824041.py
664,/data/codenet_python3_accepted/p03618/Python/s662829628.py
665,/data/codenet_python3_accepted/p03180/Python/s614950996.py
666,/data/codenet_python3_accepted/p03465/Python/s528715270.py
667,/data/codenet_python3_accepted/p03354/Python/s293721454.py
668,/data/codenet_python3_accepted/p03366/Python/s964392884.py
669,/data/codenet_python3_accepted/p02952/Python/s324804824.py
670,/data/codenet_python3_accepted/p03141/Python/s956878323.py
671,/data/codenet_python3_accepted/p03951/Python/s696243915.py
672,/data/codenet_python3_accepted/p02623/Python/s471200013.py
673,/data/codenet_python3_accepted/p02977/Python/s889532061.py
674,/data/codenet_python3_accepted/p03032/Python/s654530615.py
675,/data/codenet_python3_accepted/p03947/Python/s015813035.py
676,/data/codenet_python3_accepted/p03264/Python/s966282588.py
677,/data/codenet_python3_accepted/p03308/Python/s688414957.py
678,/data/codenet_python3_accepted/p03015/Python/s973004870.py
679,/data/codenet_python3_accepted/p02758/Python/s318673524.py
680,/data/codenet_python3_accepted/p03171/Python/s056976821.py
681,/data/codenet_python3_accepted/p03555/Python/s678043121.py
682,/data/codenet_python3_accepted/p03889/Python/s399890214.py
683,/data/codenet_python3_accepted/p02642/Python/s351579834.py
684,/data/codenet_python3_accepted/p03943/Python/s608535809.py
685,/data/codenet_python3_accepted/p02665/Python/s928976904.py
686,/data/codenet_python3_accepted/p03586/Python/s861090083.py
687,/data/codenet_python3_accepted/p02962/Python/s187874833.py
688,/data/codenet_python3_accepted/p02799/Python/s309439077.py
689,/data/codenet_python3_accepted/p02735/Python/s038393216.py
690,/data/codenet_python3_accepted/p02909/Python/s244685091.py
691,/data/codenet_python3_accepted/p02809/Python/s892621583.py
692,/data/codenet_python3_accepted/p03375/Python/s940988881.py
693,/data/codenet_python3_accepted/p02862/Python/s353872021.py
694,/data/codenet_python3_accepted/p03136/Python/s702967430.py
695,/data/codenet_python3_accepted/p03855/Python/s192661690.py
696,/data/codenet_python3_accepted/p02866/Python/s731211303.py
697,/data/codenet_python3_accepted/p02814/Python/s724525701.py
698,/data/codenet_python3_accepted/p03624/Python/s672467565.py
699,/data/codenet_python3_accepted/p02757/Python/s458013532.py
700,/data/codenet_python3_accepted/p02695/Python/s091162013.py
701,/data/codenet_python3_accepted/p02904/Python/s628140854.py
702,/data/codenet_python3_accepted/p03152/Python/s956240396.py
703,/data/codenet_python3_accepted/p04051/Python/s283438001.py
704,/data/codenet_python3_accepted/p02911/Python/s885232750.py
705,/data/codenet_python3_accepted/p03329/Python/s878961358.py
706,/data/codenet_python3_accepted/p03431/Python/s492599041.py
707,/data/codenet_python3_accepted/p03089/Python/s130996975.py
708,/data/codenet_python3_accepted/p02697/Python/s196639060.py
709,/data/codenet_python3_accepted/p03440/Python/s309039381.py
710,/data/codenet_python3_accepted/p03788/Python/s927600697.py
711,/data/codenet_python3_accepted/p03365/Python/s400321548.py
712,/data/codenet_python3_accepted/p02557/Python/s106631629.py
713,/data/codenet_python3_accepted/p03271/Python/s361143023.py
714,/data/codenet_python3_accepted/p02869/Python/s521782891.py
715,/data/codenet_python3_accepted/p02580/Python/s898663176.py
716,/data/codenet_python3_accepted/p03957/Python/s585542208.py
717,/data/codenet_python3_accepted/p02841/Python/s721403344.py
718,/data/codenet_python3_accepted/p03740/Python/s527859224.py
719,/data/codenet_python3_accepted/p03004/Python/s362432344.py
720,/data/codenet_python3_accepted/p02547/Python/s761754881.py
721,/data/codenet_python3_accepted/p04047/Python/s095355750.py
722,/data/codenet_python3_accepted/p03989/Python/s462751324.py
723,/data/codenet_python3_accepted/p03263/Python/s657410542.py
724,/data/codenet_python3_accepted/p03437/Python/s943319031.py
725,/data/codenet_python3_accepted/p02568/Python/s969276391.py
726,/data/codenet_python3_accepted/p03864/Python/s694317592.py
727,/data/codenet_python3_accepted/p03359/Python/s593288686.py
728,/data/codenet_python3_accepted/p02970/Python/s317282848.py
729,/data/codenet_python3_accepted/p03479/Python/s119914863.py
730,/data/codenet_python3_accepted/p02795/Python/s891677240.py
731,/data/codenet_python3_accepted/p04037/Python/s846127847.py
732,/data/codenet_python3_accepted/p03967/Python/s288996164.py
733,/data/codenet_python3_accepted/p03581/Python/s181379551.py
734,/data/codenet_python3_accepted/p03565/Python/s442565015.py
735,/data/codenet_python3_accepted/p03988/Python/s415988575.py
736,/data/codenet_python3_accepted/p03556/Python/s363425186.py
737,/data/codenet_python3_accepted/p02826/Python/s146746602.py
738,/data/codenet_python3_accepted/p03747/Python/s977935243.py
739,/data/codenet_python3_accepted/p02858/Python/s773943451.py
740,/data/codenet_python3_accepted/p03858/Python/s722029582.py
741,/data/codenet_python3_accepted/p03550/Python/s062829419.py
742,/data/codenet_python3_accepted/p02614/Python/s226810616.py
743,/data/codenet_python3_accepted/p02640/Python/s844315276.py
744,/data/codenet_python3_accepted/p03991/Python/s879789926.py
745,/data/codenet_python3_accepted/p03601/Python/s196295305.py
746,/data/codenet_python3_accepted/p02564/Python/s184654602.py
747,/data/codenet_python3_accepted/p02807/Python/s940443105.py
748,/data/codenet_python3_accepted/p03675/Python/s606427325.py
749,/data/codenet_python3_accepted/p02901/Python/s405824847.py
750,/data/codenet_python3_accepted/p03805/Python/s704767352.py
751,/data/codenet_python3_accepted/p03884/Python/s355792122.py
752,/data/codenet_python3_accepted/p02539/Python/s195085772.py
753,/data/codenet_python3_accepted/p03728/Python/s091441664.py
754,/data/codenet_python3_accepted/p03404/Python/s170897435.py
755,/data/codenet_python3_accepted/p03149/Python/s877856988.py
756,/data/codenet_python3_accepted/p02606/Python/s130384484.py
757,/data/codenet_python3_accepted/p03753/Python/s736029898.py
758,/data/codenet_python3_accepted/p03844/Python/s473232052.py
759,/data/codenet_python3_accepted/p03953/Python/s329159667.py
760,/data/codenet_python3_accepted/p03188/Python/s031821330.py
761,/data/codenet_python3_accepted/p03447/Python/s226360659.py
762,/data/codenet_python3_accepted/p02571/Python/s362622363.py
763,/data/codenet_python3_accepted/p03075/Python/s787366940.py
764,/data/codenet_python3_accepted/p03160/Python/s449800949.py
765,/data/codenet_python3_accepted/p03587/Python/s246757841.py
766,/data/codenet_python3_accepted/p03269/Python/s509881064.py
767,/data/codenet_python3_accepted/p02938/Python/s959462778.py
768,/data/codenet_python3_accepted/p03019/Python/s277301870.py
769,/data/codenet_python3_accepted/p02622/Python/s130945586.py
770,/data/codenet_python3_accepted/p03964/Python/s844703245.py
771,/data/codenet_python3_accepted/p03218/Python/s980700095.py
772,/data/codenet_python3_accepted/p03766/Python/s494878221.py
773,/data/codenet_python3_accepted/p02727/Python/s616066958.py
774,/data/codenet_python3_accepted/p03583/Python/s852588861.py
775,/data/codenet_python3_accepted/p03874/Python/s785744438.py
776,/data/codenet_python3_accepted/p03158/Python/s606625726.py
777,/data/codenet_python3_accepted/p03422/Python/s129452478.py
778,/data/codenet_python3_accepted/p02815/Python/s272822260.py
779,/data/codenet_python3_accepted/p03938/Python/s126378190.py
780,/data/codenet_python3_accepted/p02694/Python/s500451213.py
781,/data/codenet_python3_accepted/p03210/Python/s762449955.py
782,/data/codenet_python3_accepted/p03651/Python/s666229595.py
783,/data/codenet_python3_accepted/p03020/Python/s735315714.py
784,/data/codenet_python3_accepted/p04025/Python/s589333192.py
785,/data/codenet_python3_accepted/p03746/Python/s017266423.py
786,/data/codenet_python3_accepted/p02629/Python/s971437309.py
787,/data/codenet_python3_accepted/p03216/Python/s030024409.py
788,/data/codenet_python3_accepted/p03293/Python/s256983207.py
789,/data/codenet_python3_accepted/p03482/Python/s595262978.py
790,/data/codenet_python3_accepted/p03807/Python/s186841839.py
791,/data/codenet_python3_accepted/p03685/Python/s198343067.py
792,/data/codenet_python3_accepted/p03031/Python/s100881763.py
793,/data/codenet_python3_accepted/p03834/Python/s699962614.py
794,/data/codenet_python3_accepted/p02719/Python/s442257471.py
795,/data/codenet_python3_accepted/p02739/Python/s447025867.py
796,/data/codenet_python3_accepted/p02863/Python/s694826303.py
797,/data/codenet_python3_accepted/p03794/Python/s404688480.py
798,/data/codenet_python3_accepted/p02766/Python/s438968865.py
799,/data/codenet_python3_accepted/p02693/Python/s734933679.py
800,/data/codenet_python3_accepted/p03316/Python/s578244262.py
801,/data/codenet_python3_accepted/p03310/Python/s902941790.py
802,/data/codenet_python3_accepted/p03087/Python/s440221512.py
803,/data/codenet_python3_accepted/p03064/Python/s372096698.py
804,/data/codenet_python3_accepted/p03419/Python/s491502424.py
805,/data/codenet_python3_accepted/p03543/Python/s189164982.py
806,/data/codenet_python3_accepted/p02890/Python/s047191704.py
807,/data/codenet_python3_accepted/p03493/Python/s627508642.py
808,/data/codenet_python3_accepted/p03820/Python/s413891652.py
809,/data/codenet_python3_accepted/p02644/Python/s489728094.py
810,/data/codenet_python3_accepted/p03013/Python/s851018012.py
811,/data/codenet_python3_accepted/p03377/Python/s817484180.py
812,/data/codenet_python3_accepted/p03478/Python/s767606609.py
813,/data/codenet_python3_accepted/p03524/Python/s487547849.py
814,/data/codenet_python3_accepted/p02603/Python/s839709192.py
815,/data/codenet_python3_accepted/p04026/Python/s848942868.py
816,/data/codenet_python3_accepted/p02856/Python/s177104259.py
817,/data/codenet_python3_accepted/p03168/Python/s183515690.py
818,/data/codenet_python3_accepted/p02570/Python/s586093358.py
819,/data/codenet_python3_accepted/p03438/Python/s580426540.py
820,/data/codenet_python3_accepted/p02934/Python/s028056562.py
821,/data/codenet_python3_accepted/p02748/Python/s540648046.py
822,/data/codenet_python3_accepted/p03184/Python/s936452205.py
823,/data/codenet_python3_accepted/p03861/Python/s224111216.py
824,/data/codenet_python3_accepted/p03388/Python/s333112093.py
825,/data/codenet_python3_accepted/p03739/Python/s490791637.py
826,/data/codenet_python3_accepted/p03209/Python/s559445629.py
827,/data/codenet_python3_accepted/p03289/Python/s063453348.py
828,/data/codenet_python3_accepted/p02618/Python/s285651828.py
829,/data/codenet_python3_accepted/p03748/Python/s905821942.py
830,/data/codenet_python3_accepted/p02590/Python/s515733053.py
831,/data/codenet_python3_accepted/p02845/Python/s266120462.py
832,/data/codenet_python3_accepted/p02597/Python/s563616555.py
833,/data/codenet_python3_accepted/p02549/Python/s265398389.py
834,/data/codenet_python3_accepted/p02698/Python/s777068821.py
835,/data/codenet_python3_accepted/p02541/Python/s171289146.py
836,/data/codenet_python3_accepted/p03053/Python/s319565031.py
837,/data/codenet_python3_accepted/p03452/Python/s591896722.py
838,/data/codenet_python3_accepted/p03970/Python/s729178392.py
839,/data/codenet_python3_accepted/p03441/Python/s328225900.py
840,/data/codenet_python3_accepted/p03869/Python/s397566770.py
841,/data/codenet_python3_accepted/p03899/Python/s091611139.py
842,/data/codenet_python3_accepted/p03291/Python/s825743811.py
843,/data/codenet_python3_accepted/p02905/Python/s843400033.py
844,/data/codenet_python3_accepted/p03169/Python/s796826959.py
845,/data/codenet_python3_accepted/p02976/Python/s388456990.py
846,/data/codenet_python3_accepted/p03590/Python/s243999913.py
847,/data/codenet_python3_accepted/p03163/Python/s947841976.py
848,/data/codenet_python3_accepted/p02969/Python/s632855942.py
849,/data/codenet_python3_accepted/p02781/Python/s428542616.py
850,/data/codenet_python3_accepted/p03131/Python/s619805957.py
851,/data/codenet_python3_accepted/p03081/Python/s110090877.py
852,/data/codenet_python3_accepted/p03070/Python/s238709119.py
853,/data/codenet_python3_accepted/p02821/Python/s651194938.py
854,/data/codenet_python3_accepted/p03280/Python/s657438023.py
855,/data/codenet_python3_accepted/p03669/Python/s853297523.py
856,/data/codenet_python3_accepted/p02750/Python/s128749484.py
857,/data/codenet_python3_accepted/p03381/Python/s222244127.py
858,/data/codenet_python3_accepted/p02790/Python/s174925686.py
859,/data/codenet_python3_accepted/p02933/Python/s786318364.py
860,/data/codenet_python3_accepted/p03843/Python/s484929395.py
861,/data/codenet_python3_accepted/p03922/Python/s006623185.py
862,/data/codenet_python3_accepted/p03566/Python/s889830279.py
863,/data/codenet_python3_accepted/p02872/Python/s109458264.py
864,/data/codenet_python3_accepted/p03333/Python/s402884215.py
865,/data/codenet_python3_accepted/p02957/Python/s311867621.py
866,/data/codenet_python3_accepted/p04030/Python/s488425928.py
867,/data/codenet_python3_accepted/p02760/Python/s102543059.py
868,/data/codenet_python3_accepted/p03719/Python/s809977813.py
869,/data/codenet_python3_accepted/p02997/Python/s787345053.py
870,/data/codenet_python3_accepted/p02615/Python/s372970505.py
871,/data/codenet_python3_accepted/p03923/Python/s072979765.py
872,/data/codenet_python3_accepted/p03537/Python/s076702194.py
873,/data/codenet_python3_accepted/p02987/Python/s715528572.py
874,/data/codenet_python3_accepted/p03429/Python/s534658651.py
875,/data/codenet_python3_accepted/p03689/Python/s183496136.py
876,/data/codenet_python3_accepted/p03783/Python/s384098427.py
877,/data/codenet_python3_accepted/p03738/Python/s464856346.py
878,/data/codenet_python3_accepted/p03832/Python/s519887628.py
879,/data/codenet_python3_accepted/p03503/Python/s296564397.py
880,/data/codenet_python3_accepted/p02993/Python/s847835476.py
881,/data/codenet_python3_accepted/p03682/Python/s675085416.py
882,/data/codenet_python3_accepted/p03831/Python/s062570529.py
883,/data/codenet_python3_accepted/p03789/Python/s837425992.py
884,/data/codenet_python3_accepted/p03338/Python/s680011999.py
885,/data/codenet_python3_accepted/p03890/Python/s779180301.py
886,/data/codenet_python3_accepted/p03155/Python/s213349634.py
887,/data/codenet_python3_accepted/p02945/Python/s680909816.py
888,/data/codenet_python3_accepted/p03863/Python/s992169383.py
889,/data/codenet_python3_accepted/p03929/Python/s147354241.py
890,/data/codenet_python3_accepted/p03043/Python/s697222468.py
891,/data/codenet_python3_accepted/p03992/Python/s900822449.py
892,/data/codenet_python3_accepted/p03413/Python/s974063417.py
893,/data/codenet_python3_accepted/p03606/Python/s923831151.py
894,/data/codenet_python3_accepted/p03393/Python/s585453269.py
895,/data/codenet_python3_accepted/p03654/Python/s378539671.py
896,/data/codenet_python3_accepted/p02604/Python/s513757964.py
897,/data/codenet_python3_accepted/p02652/Python/s590555997.py
898,/data/codenet_python3_accepted/p03040/Python/s308473602.py
899,/data/codenet_python3_accepted/p03267/Python/s810975511.py
900,/data/codenet_python3_accepted/p02684/Python/s578863710.py
901,/data/codenet_python3_accepted/p03808/Python/s838971247.py
902,/data/codenet_python3_accepted/p03315/Python/s807169309.py
903,/data/codenet_python3_accepted/p03836/Python/s340958105.py
904,/data/codenet_python3_accepted/p02658/Python/s697539044.py
905,/data/codenet_python3_accepted/p02973/Python/s131542145.py
906,/data/codenet_python3_accepted/p02892/Python/s266074570.py
907,/data/codenet_python3_accepted/p03343/Python/s797436283.py
908,/data/codenet_python3_accepted/p03255/Python/s502058826.py
909,/data/codenet_python3_accepted/p02741/Python/s629208832.py
910,/data/codenet_python3_accepted/p03513/Python/s359711321.py
911,/data/codenet_python3_accepted/p03328/Python/s083219985.py
912,/data/codenet_python3_accepted/p03698/Python/s091742904.py
913,/data/codenet_python3_accepted/p03276/Python/s790714570.py
914,/data/codenet_python3_accepted/p02955/Python/s248708289.py
915,/data/codenet_python3_accepted/p02687/Python/s157350334.py
916,/data/codenet_python3_accepted/p03552/Python/s311650949.py
917,/data/codenet_python3_accepted/p03317/Python/s473303798.py
918,/data/codenet_python3_accepted/p03671/Python/s845357629.py
919,/data/codenet_python3_accepted/p03369/Python/s122229856.py
920,/data/codenet_python3_accepted/p03866/Python/s937904033.py
921,/data/codenet_python3_accepted/p03721/Python/s665890525.py
922,/data/codenet_python3_accepted/p03010/Python/s551093133.py
923,/data/codenet_python3_accepted/p02765/Python/s792938362.py
924,/data/codenet_python3_accepted/p03508/Python/s049830851.py
925,/data/codenet_python3_accepted/p03014/Python/s351752647.py
926,/data/codenet_python3_accepted/p03449/Python/s760882599.py
927,/data/codenet_python3_accepted/p03502/Python/s450987206.py
928,/data/codenet_python3_accepted/p03642/Python/s300189732.py
929,/data/codenet_python3_accepted/p03148/Python/s192813903.py
930,/data/codenet_python3_accepted/p02835/Python/s812916239.py
931,/data/codenet_python3_accepted/p03848/Python/s627564154.py
932,/data/codenet_python3_accepted/p02723/Python/s497610823.py
933,/data/codenet_python3_accepted/p03226/Python/s298232665.py
934,/data/codenet_python3_accepted/p03262/Python/s103029166.py
935,/data/codenet_python3_accepted/p02574/Python/s591778761.py
936,/data/codenet_python3_accepted/p03707/Python/s050666258.py
937,/data/codenet_python3_accepted/p02855/Python/s509363338.py
938,/data/codenet_python3_accepted/p03898/Python/s662848360.py
939,/data/codenet_python3_accepted/p02875/Python/s891356420.py
940,/data/codenet_python3_accepted/p03560/Python/s953662910.py
941,/data/codenet_python3_accepted/p02925/Python/s122336791.py
942,/data/codenet_python3_accepted/p03161/Python/s072698090.py
943,/data/codenet_python3_accepted/p03958/Python/s574432136.py
944,/data/codenet_python3_accepted/p02803/Python/s336278933.py
945,/data/codenet_python3_accepted/p03945/Python/s474033731.py
946,/data/codenet_python3_accepted/p02769/Python/s981494573.py
947,/data/codenet_python3_accepted/p03683/Python/s761427509.py
948,/data/codenet_python3_accepted/p03673/Python/s205677244.py
949,/data/codenet_python3_accepted/p03734/Python/s783535550.py
950,/data/codenet_python3_accepted/p03145/Python/s325636298.py
951,/data/codenet_python3_accepted/p02605/Python/s287846397.py
952,/data/codenet_python3_accepted/p02725/Python/s479054587.py
953,/data/codenet_python3_accepted/p03201/Python/s608109783.py
954,/data/codenet_python3_accepted/p02569/Python/s762034222.py
955,/data/codenet_python3_accepted/p03126/Python/s807912573.py
956,/data/codenet_python3_accepted/p03176/Python/s169604645.py
957,/data/codenet_python3_accepted/p02982/Python/s864590282.py
958,/data/codenet_python3_accepted/p02666/Python/s397222808.py
959,/data/codenet_python3_accepted/p03722/Python/s794127565.py
960,/data/codenet_python3_accepted/p03588/Python/s048886528.py
961,/data/codenet_python3_accepted/p03475/Python/s253085287.py
962,/data/codenet_python3_accepted/p04013/Python/s360224368.py
963,/data/codenet_python3_accepted/p03251/Python/s507476768.py
964,/data/codenet_python3_accepted/p02893/Python/s430082553.py
965,/data/codenet_python3_accepted/p03765/Python/s575015505.py
966,/data/codenet_python3_accepted/p02566/Python/s507761241.py
967,/data/codenet_python3_accepted/p03946/Python/s699643916.py
968,/data/codenet_python3_accepted/p03030/Python/s317161271.py
969,/data/codenet_python3_accepted/p04000/Python/s344997177.py
970,/data/codenet_python3_accepted/p03247/Python/s984461841.py
971,/data/codenet_python3_accepted/p03523/Python/s264370776.py
972,/data/codenet_python3_accepted/p03960/Python/s587507132.py
973,/data/codenet_python3_accepted/p03809/Python/s603091017.py
974,/data/codenet_python3_accepted/p03744/Python/s467501094.py
975,/data/codenet_python3_accepted/p03723/Python/s646291723.py
976,/data/codenet_python3_accepted/p03108/Python/s699540139.py
977,/data/codenet_python3_accepted/p03227/Python/s603929284.py
978,/data/codenet_python3_accepted/p02935/Python/s812542709.py
979,/data/codenet_python3_accepted/p03647/Python/s199504527.py
980,/data/codenet_python3_accepted/p03309/Python/s527090882.py
981,/data/codenet_python3_accepted/p04045/Python/s581839809.py
982,/data/codenet_python3_accepted/p03361/Python/s501241946.py
983,/data/codenet_python3_accepted/p03735/Python/s372844933.py
984,/data/codenet_python3_accepted/p02663/Python/s723808131.py
985,/data/codenet_python3_accepted/p04012/Python/s803844288.py
986,/data/codenet_python3_accepted/p03065/Python/s703753073.py
987,/data/codenet_python3_accepted/p03231/Python/s991916521.py
988,/data/codenet_python3_accepted/p03638/Python/s852695601.py
989,/data/codenet_python3_accepted/p02561/Python/s561431283.py
990,/data/codenet_python3_accepted/p02733/Python/s659812206.py
991,/data/codenet_python3_accepted/p02988/Python/s907282796.py
992,/data/codenet_python3_accepted/p03965/Python/s509541935.py
993,/data/codenet_python3_accepted/p03473/Python/s779506648.py
994,/data/codenet_python3_accepted/p03901/Python/s301148630.py
995,/data/codenet_python3_accepted/p03464/Python/s100184467.py
996,/data/codenet_python3_accepted/p04020/Python/s117400537.py
997,/data/codenet_python3_accepted/p03003/Python/s310084441.py
998,/data/codenet_python3_accepted/p03598/Python/s542176241.py
999,/data/codenet_python3_accepted/p02910/Python/s096337384.py
1000,/data/codenet_python3_accepted/p03220/Python/s111715193.py
1001,/data/codenet_python3_accepted/p03631/Python/s886275911.py
1002,/data/codenet_python3_accepted/p02802/Python/s650723425.py
1003,/data/codenet_python3_accepted/p03603/Python/s257563482.py
1004,/data/codenet_python3_accepted/p02768/Python/s172040692.py
1005,/data/codenet_python3_accepted/p03897/Python/s444288571.py
1006,/data/codenet_python3_accepted/p03355/Python/s601143462.py
1007,/data/codenet_python3_accepted/p03610/Python/s180427467.py
1008,/data/codenet_python3_accepted/p03242/Python/s914636928.py
1009,/data/codenet_python3_accepted/p03676/Python/s400224382.py
1010,/data/codenet_python3_accepted/p03411/Python/s421598736.py
1011,/data/codenet_python3_accepted/p03616/Python/s471138866.py
1012,/data/codenet_python3_accepted/p03592/Python/s299237477.py
1013,/data/codenet_python3_accepted/p02818/Python/s939312631.py
1014,/data/codenet_python3_accepted/p02587/Python/s785076723.py
1015,/data/codenet_python3_accepted/p03835/Python/s506331063.py
1016,/data/codenet_python3_accepted/p04018/Python/s524210230.py
1017,/data/codenet_python3_accepted/p02632/Python/s660465335.py
1018,/data/codenet_python3_accepted/p03545/Python/s726475991.py
1019,/data/codenet_python3_accepted/p02949/Python/s498484425.py
1020,/data/codenet_python3_accepted/p02937/Python/s867569265.py
1021,/data/codenet_python3_accepted/p03705/Python/s185594405.py
1022,/data/codenet_python3_accepted/p03742/Python/s943517675.py
1023,/data/codenet_python3_accepted/p03181/Python/s650164518.py
1024,/data/codenet_python3_accepted/p03352/Python/s009483288.py
1025,/data/codenet_python3_accepted/p02991/Python/s031161898.py
1026,/data/codenet_python3_accepted/p03253/Python/s011427893.py
1027,/data/codenet_python3_accepted/p03782/Python/s020747220.py
1028,/data/codenet_python3_accepted/p02775/Python/s397596181.py
1029,/data/codenet_python3_accepted/p03474/Python/s714643955.py
1030,/data/codenet_python3_accepted/p03278/Python/s457366067.py
1031,/data/codenet_python3_accepted/p03312/Python/s005758696.py
1032,/data/codenet_python3_accepted/p02710/Python/s131842150.py
1033,/data/codenet_python3_accepted/p03426/Python/s400670556.py
1034,/data/codenet_python3_accepted/p03296/Python/s847416463.py
1035,/data/codenet_python3_accepted/p03219/Python/s009050708.py
1036,/data/codenet_python3_accepted/p03134/Python/s479216719.py
1037,/data/codenet_python3_accepted/p03307/Python/s215928144.py
1038,/data/codenet_python3_accepted/p03240/Python/s179454517.py
1039,/data/codenet_python3_accepted/p03481/Python/s298516515.py
1040,/data/codenet_python3_accepted/p03677/Python/s847553043.py
1041,/data/codenet_python3_accepted/p03576/Python/s560859562.py
1042,/data/codenet_python3_accepted/p03558/Python/s645726412.py
1043,/data/codenet_python3_accepted/p03306/Python/s317751134.py
1044,/data/codenet_python3_accepted/p03839/Python/s476813101.py
1045,/data/codenet_python3_accepted/p03017/Python/s179804311.py
1046,/data/codenet_python3_accepted/p03045/Python/s940109874.py
1047,/data/codenet_python3_accepted/p02791/Python/s130073095.py
1048,/data/codenet_python3_accepted/p03156/Python/s483548015.py
1049,/data/codenet_python3_accepted/p03459/Python/s710121959.py
1050,/data/codenet_python3_accepted/p03995/Python/s935535913.py
1051,/data/codenet_python3_accepted/p03625/Python/s750193310.py
1052,/data/codenet_python3_accepted/p03228/Python/s693788104.py
1053,/data/codenet_python3_accepted/p02912/Python/s247188450.py
1054,/data/codenet_python3_accepted/p03159/Python/s721814658.py
1055,/data/codenet_python3_accepted/p03138/Python/s247158180.py
1056,/data/codenet_python3_accepted/p02567/Python/s643984855.py
1057,/data/codenet_python3_accepted/p03380/Python/s415498852.py
1058,/data/codenet_python3_accepted/p03444/Python/s458237900.py
1059,/data/codenet_python3_accepted/p03584/Python/s399607776.py
1060,/data/codenet_python3_accepted/p02595/Python/s402067963.py
1061,/data/codenet_python3_accepted/p03351/Python/s482747719.py
1062,/data/codenet_python3_accepted/p02627/Python/s885684439.py
1063,/data/codenet_python3_accepted/p03498/Python/s673514418.py
1064,/data/codenet_python3_accepted/p02940/Python/s409606073.py
1065,/data/codenet_python3_accepted/p03128/Python/s283225852.py
1066,/data/codenet_python3_accepted/p03409/Python/s339892356.py
1067,/data/codenet_python3_accepted/p03887/Python/s271191205.py
1068,/data/codenet_python3_accepted/p02868/Python/s982330555.py
1069,/data/codenet_python3_accepted/p02662/Python/s590417882.py
1070,/data/codenet_python3_accepted/p02696/Python/s411038477.py
1071,/data/codenet_python3_accepted/p03762/Python/s166810123.py
1072,/data/codenet_python3_accepted/p03021/Python/s090405437.py
1073,/data/codenet_python3_accepted/p02745/Python/s692028822.py
1074,/data/codenet_python3_accepted/p02651/Python/s410774416.py
1075,/data/codenet_python3_accepted/p02950/Python/s173597120.py
1076,/data/codenet_python3_accepted/p03573/Python/s332517534.py
1077,/data/codenet_python3_accepted/p04046/Python/s257839064.py
1078,/data/codenet_python3_accepted/p03623/Python/s479137277.py
1079,/data/codenet_python3_accepted/p02636/Python/s977457089.py
1080,/data/codenet_python3_accepted/p02780/Python/s969220322.py
1081,/data/codenet_python3_accepted/p03362/Python/s354986021.py
1082,/data/codenet_python3_accepted/p03472/Python/s555334337.py
1083,/data/codenet_python3_accepted/p04033/Python/s759842941.py
1084,/data/codenet_python3_accepted/p03985/Python/s886808277.py
1085,/data/codenet_python3_accepted/p03356/Python/s296007967.py
1086,/data/codenet_python3_accepted/p04038/Python/s036913085.py
1087,/data/codenet_python3_accepted/p02804/Python/s049123954.py
1088,/data/codenet_python3_accepted/p03132/Python/s304256344.py
1089,/data/codenet_python3_accepted/p04024/Python/s025086569.py
1090,/data/codenet_python3_accepted/p04004/Python/s285485376.py
1091,/data/codenet_python3_accepted/p02931/Python/s731358638.py
1092,/data/codenet_python3_accepted/p03987/Python/s583619751.py
1093,/data/codenet_python3_accepted/p03574/Python/s418614109.py
1094,/data/codenet_python3_accepted/p03600/Python/s007209592.py
1095,/data/codenet_python3_accepted/p03222/Python/s322303419.py
1096,/data/codenet_python3_accepted/p03489/Python/s810191883.py
1097,/data/codenet_python3_accepted/p03643/Python/s516271312.py
1098,/data/codenet_python3_accepted/p03211/Python/s346703684.py
1099,/data/codenet_python3_accepted/p03661/Python/s354011295.py
1100,/data/codenet_python3_accepted/p03341/Python/s030179917.py
1101,/data/codenet_python3_accepted/p03781/Python/s078554548.py
1102,/data/codenet_python3_accepted/p03579/Python/s992993114.py
1103,/data/codenet_python3_accepted/p04011/Python/s120346850.py
1104,/data/codenet_python3_accepted/p03797/Python/s341474562.py
1105,/data/codenet_python3_accepted/p03810/Python/s334001629.py
1106,/data/codenet_python3_accepted/p02712/Python/s917929347.py
1107,/data/codenet_python3_accepted/p03795/Python/s324008917.py
1108,/data/codenet_python3_accepted/p03818/Python/s728525801.py
1109,/data/codenet_python3_accepted/p03785/Python/s623789844.py
1110,/data/codenet_python3_accepted/p03325/Python/s613138521.py
1111,/data/codenet_python3_accepted/p02602/Python/s426993247.py
1112,/data/codenet_python3_accepted/p02552/Python/s356865763.py
1113,/data/codenet_python3_accepted/p02689/Python/s430414791.py
1114,/data/codenet_python3_accepted/p02817/Python/s495893568.py
1115,/data/codenet_python3_accepted/p03311/Python/s938594142.py
1116,/data/codenet_python3_accepted/p04048/Python/s311931212.py
1117,/data/codenet_python3_accepted/p03799/Python/s659260767.py
1118,/data/codenet_python3_accepted/p03232/Python/s925726275.py
1119,/data/codenet_python3_accepted/p02842/Python/s072312555.py
1120,/data/codenet_python3_accepted/p03501/Python/s382701043.py
1121,/data/codenet_python3_accepted/p02978/Python/s999496825.py
1122,/data/codenet_python3_accepted/p03342/Python/s099947688.py
1123,/data/codenet_python3_accepted/p02616/Python/s723162108.py
1124,/data/codenet_python3_accepted/p03350/Python/s853877847.py
1125,/data/codenet_python3_accepted/p03741/Python/s717303077.py
1126,/data/codenet_python3_accepted/p03760/Python/s401302192.py
1127,/data/codenet_python3_accepted/p03182/Python/s617794286.py
1128,/data/codenet_python3_accepted/p02915/Python/s273595611.py
1129,/data/codenet_python3_accepted/p02726/Python/s987451338.py
1130,/data/codenet_python3_accepted/p02789/Python/s688363610.py
1131,/data/codenet_python3_accepted/p03185/Python/s474617575.py
1132,/data/codenet_python3_accepted/p03270/Python/s148501083.py
1133,/data/codenet_python3_accepted/p02747/Python/s269577697.py
1134,/data/codenet_python3_accepted/p03461/Python/s320740129.py
1135,/data/codenet_python3_accepted/p03646/Python/s715053005.py
1136,/data/codenet_python3_accepted/p03321/Python/s748613111.py
1137,/data/codenet_python3_accepted/p02885/Python/s844742854.py
1138,/data/codenet_python3_accepted/p02674/Python/s899603423.py
1139,/data/codenet_python3_accepted/p03439/Python/s100757933.py
1140,/data/codenet_python3_accepted/p03914/Python/s108364411.py
1141,/data/codenet_python3_accepted/p03932/Python/s401362791.py
1142,/data/codenet_python3_accepted/p03895/Python/s767330955.py
1143,/data/codenet_python3_accepted/p03034/Python/s230699006.py
1144,/data/codenet_python3_accepted/p03976/Python/s240301983.py
1145,/data/codenet_python3_accepted/p03720/Python/s856039330.py
1146,/data/codenet_python3_accepted/p03893/Python/s334538089.py
1147,/data/codenet_python3_accepted/p03364/Python/s654876791.py
1148,/data/codenet_python3_accepted/p03195/Python/s877242724.py
1149,/data/codenet_python3_accepted/p02958/Python/s759287996.py
1150,/data/codenet_python3_accepted/p03959/Python/s747545523.py
1151,/data/codenet_python3_accepted/p02886/Python/s907802286.py
1152,/data/codenet_python3_accepted/p02921/Python/s572906954.py
1153,/data/codenet_python3_accepted/p03243/Python/s507308814.py
1154,/data/codenet_python3_accepted/p02641/Python/s238489501.py
1155,/data/codenet_python3_accepted/p03870/Python/s747261114.py
1156,/data/codenet_python3_accepted/p03704/Python/s805233100.py
1157,/data/codenet_python3_accepted/p02971/Python/s883391382.py
1158,/data/codenet_python3_accepted/p03347/Python/s811361384.py
1159,/data/codenet_python3_accepted/p02889/Python/s539833880.py
1160,/data/codenet_python3_accepted/p03666/Python/s062657973.py
1161,/data/codenet_python3_accepted/p03372/Python/s404097827.py
1162,/data/codenet_python3_accepted/p03743/Python/s048925380.py
1163,/data/codenet_python3_accepted/p03852/Python/s460481418.py
1164,/data/codenet_python3_accepted/p03768/Python/s656549878.py
1165,/data/codenet_python3_accepted/p03374/Python/s632313578.py
1166,/data/codenet_python3_accepted/p03399/Python/s688252474.py
1167,/data/codenet_python3_accepted/p03166/Python/s567144863.py
1168,/data/codenet_python3_accepted/p03658/Python/s763769860.py
1169,/data/codenet_python3_accepted/p03903/Python/s679676968.py
1170,/data/codenet_python3_accepted/p02661/Python/s387996128.py
1171,/data/codenet_python3_accepted/p03978/Python/s607140240.py
1172,/data/codenet_python3_accepted/p02914/Python/s039785046.py
1173,/data/codenet_python3_accepted/p03715/Python/s430938233.py
1174,/data/codenet_python3_accepted/p03687/Python/s727022608.py
1175,/data/codenet_python3_accepted/p02699/Python/s318631139.py
1176,/data/codenet_python3_accepted/p03608/Python/s781146728.py
1177,/data/codenet_python3_accepted/p03455/Python/s229804097.py
1178,/data/codenet_python3_accepted/p03049/Python/s975331116.py
1179,/data/codenet_python3_accepted/p02762/Python/s852386974.py
1180,/data/codenet_python3_accepted/p03868/Python/s728870571.py
1181,/data/codenet_python3_accepted/p02751/Python/s697313785.py
1182,/data/codenet_python3_accepted/p03888/Python/s568691997.py
1183,/data/codenet_python3_accepted/p02657/Python/s665076215.py
1184,/data/codenet_python3_accepted/p02860/Python/s240612203.py
1185,/data/codenet_python3_accepted/p03206/Python/s880597728.py
1186,/data/codenet_python3_accepted/p03179/Python/s748288389.py
1187,/data/codenet_python3_accepted/p03348/Python/s312572200.py
1188,/data/codenet_python3_accepted/p02670/Python/s039388209.py
1189,/data/codenet_python3_accepted/p02880/Python/s003889151.py
1190,/data/codenet_python3_accepted/p03418/Python/s678021006.py
1191,/data/codenet_python3_accepted/p03549/Python/s842172551.py
1192,/data/codenet_python3_accepted/p02664/Python/s396700405.py
1193,/data/codenet_python3_accepted/p03496/Python/s662723486.py
1194,/data/codenet_python3_accepted/p02593/Python/s868169193.py
1195,/data/codenet_python3_accepted/p02864/Python/s756473416.py
1196,/data/codenet_python3_accepted/p03885/Python/s943997360.py
1197,/data/codenet_python3_accepted/p03457/Python/s438794252.py
1198,/data/codenet_python3_accepted/p03881/Python/s076478923.py
1199,/data/codenet_python3_accepted/p03458/Python/s823846660.py
1200,/data/codenet_python3_accepted/p02673/Python/s829683503.py
1201,/data/codenet_python3_accepted/p03847/Python/s140959838.py
1202,/data/codenet_python3_accepted/p03107/Python/s448230708.py
1203,/data/codenet_python3_accepted/p03346/Python/s102838768.py
1204,/data/codenet_python3_accepted/p02871/Python/s997705849.py
1205,/data/codenet_python3_accepted/p02812/Python/s054495981.py
1206,/data/codenet_python3_accepted/p03817/Python/s514495078.py
1207,/data/codenet_python3_accepted/p03632/Python/s370099218.py
1208,/data/codenet_python3_accepted/p03400/Python/s052631434.py
1209,/data/codenet_python3_accepted/p03930/Python/s168079981.py
1210,/data/codenet_python3_accepted/p03602/Python/s921772870.py
1211,/data/codenet_python3_accepted/p03653/Python/s751713745.py
1212,/data/codenet_python3_accepted/p03617/Python/s361282845.py
1213,/data/codenet_python3_accepted/p03383/Python/s079842461.py
1214,/data/codenet_python3_accepted/p02612/Python/s586537826.py
1215,/data/codenet_python3_accepted/p03086/Python/s581139909.py
1216,/data/codenet_python3_accepted/p03801/Python/s912877718.py
1217,/data/codenet_python3_accepted/p03178/Python/s007190861.py
1218,/data/codenet_python3_accepted/p03730/Python/s415328796.py
1219,/data/codenet_python3_accepted/p03197/Python/s787879086.py
1220,/data/codenet_python3_accepted/p03695/Python/s892503513.py
1221,/data/codenet_python3_accepted/p02714/Python/s268914872.py
1222,/data/codenet_python3_accepted/p02573/Python/s131871021.py
1223,/data/codenet_python3_accepted/p03892/Python/s353946198.py
1224,/data/codenet_python3_accepted/p03330/Python/s124634321.py
1225,/data/codenet_python3_accepted/p03886/Python/s165651167.py
1226,/data/codenet_python3_accepted/p03849/Python/s152473781.py
1227,/data/codenet_python3_accepted/p03559/Python/s581816296.py
1228,/data/codenet_python3_accepted/p02626/Python/s372489566.py
1229,/data/codenet_python3_accepted/p03111/Python/s070319131.py
1230,/data/codenet_python3_accepted/p02813/Python/s765690844.py
1231,/data/codenet_python3_accepted/p03977/Python/s971725564.py
1232,/data/codenet_python3_accepted/p02948/Python/s795873843.py
1233,/data/codenet_python3_accepted/p03703/Python/s091854323.py
1234,/data/codenet_python3_accepted/p02834/Python/s422793678.py
1235,/data/codenet_python3_accepted/p02731/Python/s862285398.py
1236,/data/codenet_python3_accepted/p02565/Python/s108938476.py
1237,/data/codenet_python3_accepted/p02843/Python/s587742833.py
1238,/data/codenet_python3_accepted/p03813/Python/s580479053.py
1239,/data/codenet_python3_accepted/p03732/Python/s277386786.py
1240,/data/codenet_python3_accepted/p02989/Python/s552316216.py
1241,/data/codenet_python3_accepted/p02540/Python/s272636287.py
1242,/data/codenet_python3_accepted/p02688/Python/s361695121.py
1243,/data/codenet_python3_accepted/p02610/Python/s322818729.py
1244,/data/codenet_python3_accepted/p03150/Python/s904442732.py
1245,/data/codenet_python3_accepted/p03055/Python/s424085846.py
1246,/data/codenet_python3_accepted/p03962/Python/s343309909.py
1247,/data/codenet_python3_accepted/p03971/Python/s032106995.py
1248,/data/codenet_python3_accepted/p03147/Python/s983428610.py
1249,/data/codenet_python3_accepted/p03519/Python/s278290397.py
1250,/data/codenet_python3_accepted/p03526/Python/s974653054.py
1251,/data/codenet_python3_accepted/p03250/Python/s961657843.py
1252,/data/codenet_python3_accepted/p02660/Python/s485702939.py
1253,/data/codenet_python3_accepted/p03694/Python/s019041919.py
1254,/data/codenet_python3_accepted/p04016/Python/s445934885.py
1255,/data/codenet_python3_accepted/p03083/Python/s555087154.py
1256,/data/codenet_python3_accepted/p03935/Python/s294940168.py
1257,/data/codenet_python3_accepted/p03085/Python/s173410883.py
1258,/data/codenet_python3_accepted/p03363/Python/s295351325.py
1259,/data/codenet_python3_accepted/p03080/Python/s526196580.py
1260,/data/codenet_python3_accepted/p03628/Python/s312477181.py
1261,/data/codenet_python3_accepted/p02832/Python/s640715125.py
1262,/data/codenet_python3_accepted/p03891/Python/s419435336.py
1263,/data/codenet_python3_accepted/p03430/Python/s192896147.py
1264,/data/codenet_python3_accepted/p03097/Python/s843234643.py
1265,/data/codenet_python3_accepted/p03994/Python/s859345349.py
1266,/data/codenet_python3_accepted/p02744/Python/s490924999.py
1267,/data/codenet_python3_accepted/p03066/Python/s242044280.py
1268,/data/codenet_python3_accepted/p03937/Python/s717343350.py
1269,/data/codenet_python3_accepted/p03857/Python/s982813599.py
1270,/data/codenet_python3_accepted/p03906/Python/s307630940.py
1271,/data/codenet_python3_accepted/p03302/Python/s907438078.py
1272,/data/codenet_python3_accepted/p02672/Python/s627830314.py
1273,/data/codenet_python3_accepted/p03826/Python/s588820206.py
1274,/data/codenet_python3_accepted/p03920/Python/s074985665.py
1275,/data/codenet_python3_accepted/p03324/Python/s806320831.py
1276,/data/codenet_python3_accepted/p03202/Python/s274768828.py
1277,/data/codenet_python3_accepted/p02548/Python/s797402208.py
1278,/data/codenet_python3_accepted/p03865/Python/s727865023.py
1279,/data/codenet_python3_accepted/p03649/Python/s829006040.py
1280,/data/codenet_python3_accepted/p02792/Python/s785358325.py
1281,/data/codenet_python3_accepted/p03580/Python/s199670444.py
1282,/data/codenet_python3_accepted/p02669/Python/s971337432.py
1283,/data/codenet_python3_accepted/p03046/Python/s023737430.py
1284,/data/codenet_python3_accepted/p03272/Python/s603648091.py
1285,/data/codenet_python3_accepted/p02594/Python/s803504564.py
1286,/data/codenet_python3_accepted/p02837/Python/s491290068.py
1287,/data/codenet_python3_accepted/p02929/Python/s504753377.py
1288,/data/codenet_python3_accepted/p02583/Python/s475798960.py
1289,/data/codenet_python3_accepted/p03724/Python/s814648704.py
1290,/data/codenet_python3_accepted/p03370/Python/s671051061.py
1291,/data/codenet_python3_accepted/p02947/Python/s995761080.py
1292,/data/codenet_python3_accepted/p03495/Python/s125521916.py
1293,/data/codenet_python3_accepted/p02613/Python/s377275589.py
1294,/data/codenet_python3_accepted/p03667/Python/s286613034.py
1295,/data/codenet_python3_accepted/p03551/Python/s130814845.py
1296,/data/codenet_python3_accepted/p03277/Python/s210677894.py
1297,/data/codenet_python3_accepted/p02894/Python/s578736189.py
1298,/data/codenet_python3_accepted/p03567/Python/s173658301.py
1299,/data/codenet_python3_accepted/p03016/Python/s517571822.py
1300,/data/codenet_python3_accepted/p02681/Python/s962794354.py
1301,/data/codenet_python3_accepted/p03387/Python/s118469794.py
1302,/data/codenet_python3_accepted/p03273/Python/s965021054.py
1303,/data/codenet_python3_accepted/p03072/Python/s635598916.py
1304,/data/codenet_python3_accepted/p03853/Python/s456517208.py
1305,/data/codenet_python3_accepted/p03527/Python/s874722028.py
1306,/data/codenet_python3_accepted/p03320/Python/s988451726.py
1307,/data/codenet_python3_accepted/p03515/Python/s612354844.py
1308,/data/codenet_python3_accepted/p03214/Python/s130471657.py
1309,/data/codenet_python3_accepted/p02782/Python/s581770418.py
1310,/data/codenet_python3_accepted/p03838/Python/s996942495.py
1311,/data/codenet_python3_accepted/p03068/Python/s789097253.py
1312,/data/codenet_python3_accepted/p03614/Python/s186305127.py
1313,/data/codenet_python3_accepted/p03051/Python/s482341297.py
1314,/data/codenet_python3_accepted/p03189/Python/s612819546.py
1315,/data/codenet_python3_accepted/p03827/Python/s737580077.py
1316,/data/codenet_python3_accepted/p04008/Python/s783745218.py
1317,/data/codenet_python3_accepted/p03711/Python/s984444589.py
1318,/data/codenet_python3_accepted/p02692/Python/s631130827.py
1319,/data/codenet_python3_accepted/p03090/Python/s122490698.py
1320,/data/codenet_python3_accepted/p02951/Python/s078805776.py
1321,/data/codenet_python3_accepted/p03726/Python/s318047873.py
1322,/data/codenet_python3_accepted/p02965/Python/s111548504.py
1323,/data/codenet_python3_accepted/p03337/Python/s362247742.py
1324,/data/codenet_python3_accepted/p03142/Python/s535621288.py
1325,/data/codenet_python3_accepted/p02913/Python/s204135444.py
1326,/data/codenet_python3_accepted/p03678/Python/s394312398.py
1327,/data/codenet_python3_accepted/p02964/Python/s997290250.py
1328,/data/codenet_python3_accepted/p03257/Python/s194534213.py
1329,/data/codenet_python3_accepted/p03933/Python/s809716398.py
1330,/data/codenet_python3_accepted/p02851/Python/s799946089.py
1331,/data/codenet_python3_accepted/p03304/Python/s676044419.py
1332,/data/codenet_python3_accepted/p03663/Python/s405854193.py
1333,/data/codenet_python3_accepted/p03407/Python/s173329262.py
1334,/data/codenet_python3_accepted/p03511/Python/s790339229.py
1335,/data/codenet_python3_accepted/p02999/Python/s040301895.py
1336,/data/codenet_python3_accepted/p03133/Python/s614028636.py
1337,/data/codenet_python3_accepted/p02560/Python/s146932689.py
1338,/data/codenet_python3_accepted/p03749/Python/s123597679.py
1339,/data/codenet_python3_accepted/p03453/Python/s634303776.py
1340,/data/codenet_python3_accepted/p02646/Python/s873807849.py
1341,/data/codenet_python3_accepted/p02831/Python/s122575081.py
1342,/data/codenet_python3_accepted/p02942/Python/s027218354.py
1343,/data/codenet_python3_accepted/p03425/Python/s027760076.py
1344,/data/codenet_python3_accepted/p02816/Python/s418226452.py
1345,/data/codenet_python3_accepted/p02980/Python/s133792356.py
1346,/data/codenet_python3_accepted/p03830/Python/s912238454.py
1347,/data/codenet_python3_accepted/p04041/Python/s917899565.py
1348,/data/codenet_python3_accepted/p02724/Python/s340197488.py
1349,/data/codenet_python3_accepted/p03894/Python/s149744621.py
1350,/data/codenet_python3_accepted/p03668/Python/s759307008.py
1351,/data/codenet_python3_accepted/p03620/Python/s221113275.py
1352,/data/codenet_python3_accepted/p03841/Python/s153130544.py
1353,/data/codenet_python3_accepted/p02972/Python/s667124419.py
1354,/data/codenet_python3_accepted/p03402/Python/s055970245.py
1355,/data/codenet_python3_accepted/p03143/Python/s336840479.py
1356,/data/codenet_python3_accepted/p03060/Python/s853328461.py
1357,/data/codenet_python3_accepted/p03535/Python/s026574842.py
1358,/data/codenet_python3_accepted/p03298/Python/s332306727.py
1359,/data/codenet_python3_accepted/p04049/Python/s023189898.py
1360,/data/codenet_python3_accepted/p03837/Python/s927815471.py
1361,/data/codenet_python3_accepted/p03140/Python/s836701543.py
