,orig,transform
0,/data/codenet-java-reuse/p02718/s907679766/Main.java,/data/codenet-java-original/p02718/s907679766/Main.java
1,/data/codenet-java-reuse/p02777/s078049728/Main.java,/data/codenet-java-original/p02777/s078049728/Main.java
2,/data/codenet-java-reuse/p02412/s522346525/Main.java,/data/codenet-java-original/p02412/s522346525/Main.java
3,/data/codenet-java-reuse/p02898/s681280287/Main.java,/data/codenet-java-original/p02898/s681280287/Main.java
4,/data/codenet-java-reuse/p02676/s883275719/Main.java,/data/codenet-java-original/p02676/s883275719/Main.java
5,/data/codenet-java-reuse/p02772/s326037874/Main.java,/data/codenet-java-original/p02772/s326037874/Main.java
6,/data/codenet-java-reuse/p02981/s574237302/Main.java,/data/codenet-java-original/p02981/s574237302/Main.java
7,/data/codenet-java-reuse/p02922/s786937571/Main.java,/data/codenet-java-original/p02922/s786937571/Main.java
8,/data/codenet-java-reuse/p02260/s203864873/Main.java,/data/codenet-java-original/p02260/s203864873/Main.java
9,/data/codenet-java-reuse/p02390/s712496558/Main.java,/data/codenet-java-original/p02390/s712496558/Main.java
10,/data/codenet-java-reuse/p02897/s545391679/Main.java,/data/codenet-java-original/p02897/s545391679/Main.java
11,/data/codenet-java-reuse/p02388/s873489729/Main.java,/data/codenet-java-original/p02388/s873489729/Main.java
12,/data/codenet-java-reuse/p03106/s107928892/Main.java,/data/codenet-java-original/p03106/s107928892/Main.java
13,/data/codenet-java-reuse/p02408/s082345602/Main.java,/data/codenet-java-original/p02408/s082345602/Main.java
14,/data/codenet-java-reuse/p02773/s161438776/Main.java,/data/codenet-java-original/p02773/s161438776/Main.java
15,/data/codenet-java-reuse/p03854/s243755087/Main.java,/data/codenet-java-original/p03854/s243755087/Main.java
16,/data/codenet-java-reuse/p03012/s126222006/Main.java,/data/codenet-java-original/p03012/s126222006/Main.java
17,/data/codenet-java-reuse/p02700/s149964603/Main.java,/data/codenet-java-original/p02700/s149964603/Main.java
18,/data/codenet-java-reuse/p02419/s758011716/Main.java,/data/codenet-java-original/p02419/s758011716/Main.java
19,/data/codenet-java-reuse/p02707/s083770854/Main.java,/data/codenet-java-original/p02707/s083770854/Main.java
20,/data/codenet-java-reuse/p02786/s710170759/Main.java,/data/codenet-java-original/p02786/s710170759/Main.java
21,/data/codenet-java-reuse/p02836/s484618912/Main.java,/data/codenet-java-original/p02836/s484618912/Main.java
22,/data/codenet-java-reuse/p02995/s462467965/Main.java,/data/codenet-java-original/p02995/s462467965/Main.java
23,/data/codenet-java-reuse/p03041/s802056783/Main.java,/data/codenet-java-original/p03041/s802056783/Main.java
24,/data/codenet-java-reuse/p03011/s938329268/Main.java,/data/codenet-java-original/p03011/s938329268/Main.java
25,/data/codenet-java-reuse/p03109/s806950810/Main.java,/data/codenet-java-original/p03109/s806950810/Main.java
26,/data/codenet-java-reuse/p02258/s343493347/Main.java,/data/codenet-java-original/p02258/s343493347/Main.java
27,/data/codenet-java-reuse/p02783/s566407650/Main.java,/data/codenet-java-original/p02783/s566407650/Main.java
28,/data/codenet-java-reuse/p00007/s897931822/Main.java,/data/codenet-java-original/p00007/s897931822/Main.java
29,/data/codenet-java-reuse/p02389/s943594608/Main.java,/data/codenet-java-original/p02389/s943594608/Main.java
30,/data/codenet-java-reuse/p03469/s240736953/Main.java,/data/codenet-java-original/p03469/s240736953/Main.java
31,/data/codenet-java-reuse/p03073/s029818795/Main.java,/data/codenet-java-original/p03073/s029818795/Main.java
32,/data/codenet-java-reuse/p03448/s861870472/Main.java,/data/codenet-java-original/p03448/s861870472/Main.java
33,/data/codenet-java-reuse/p02582/s838452091/Main.java,/data/codenet-java-original/p02582/s838452091/Main.java
34,/data/codenet-java-reuse/p03644/s138346251/Main.java,/data/codenet-java-original/p03644/s138346251/Main.java
35,/data/codenet-java-reuse/p03042/s939669124/Main.java,/data/codenet-java-original/p03042/s939669124/Main.java
36,/data/codenet-java-reuse/p02848/s299512370/Main.java,/data/codenet-java-original/p02848/s299512370/Main.java
37,/data/codenet-java-reuse/p03998/s216733330/Main.java,/data/codenet-java-original/p03998/s216733330/Main.java
38,/data/codenet-java-reuse/p02553/s432732547/Main.java,/data/codenet-java-original/p02553/s432732547/Main.java
39,/data/codenet-java-reuse/p02576/s029696561/Main.java,/data/codenet-java-original/p02576/s029696561/Main.java
40,/data/codenet-java-reuse/p03680/s953812899/Main.java,/data/codenet-java-original/p03680/s953812899/Main.java
41,/data/codenet-java-reuse/p02257/s445482574/Main.java,/data/codenet-java-original/p02257/s445482574/Main.java
42,/data/codenet-java-reuse/p03292/s717993962/Main.java,/data/codenet-java-original/p03292/s717993962/Main.java
43,/data/codenet-java-reuse/p00002/s938931764/Main.java,/data/codenet-java-original/p00002/s938931764/Main.java
44,/data/codenet-java-reuse/p02994/s937314555/Main.java,/data/codenet-java-original/p02994/s937314555/Main.java
45,/data/codenet-java-reuse/p02711/s481238269/Main.java,/data/codenet-java-original/p02711/s481238269/Main.java
46,/data/codenet-java-reuse/p02801/s067273253/Main.java,/data/codenet-java-original/p02801/s067273253/Main.java
47,/data/codenet-java-reuse/p02420/s448367759/Main.java,/data/codenet-java-original/p02420/s448367759/Main.java
48,/data/codenet-java-reuse/p03000/s273447266/Main.java,/data/codenet-java-original/p03000/s273447266/Main.java
49,/data/codenet-java-reuse/p02675/s303752300/Main.java,/data/codenet-java-original/p02675/s303752300/Main.java
50,/data/codenet-java-reuse/p02628/s154433863/Main.java,/data/codenet-java-original/p02628/s154433863/Main.java
51,/data/codenet-java-reuse/p02705/s238655747/Main.java,/data/codenet-java-original/p02705/s238655747/Main.java
52,/data/codenet-java-reuse/p02717/s335956386/Main.java,/data/codenet-java-original/p02717/s335956386/Main.java
53,/data/codenet-java-reuse/p02659/s740040423/Main.java,/data/codenet-java-original/p02659/s740040423/Main.java
54,/data/codenet-java-reuse/p03371/s714829999/Main.java,/data/codenet-java-original/p03371/s714829999/Main.java
55,/data/codenet-java-reuse/p02411/s305747429/Main.java,/data/codenet-java-original/p02411/s305747429/Main.java
56,/data/codenet-java-reuse/p02706/s194052028/Main.java,/data/codenet-java-original/p02706/s194052028/Main.java
57,/data/codenet-java-reuse/p03059/s936870800/Main.java,/data/codenet-java-original/p03059/s936870800/Main.java
58,/data/codenet-java-reuse/p02577/s286007040/Main.java,/data/codenet-java-original/p02577/s286007040/Main.java
59,/data/codenet-java-reuse/p02409/s120028516/Main.java,/data/codenet-java-original/p02409/s120028516/Main.java
60,/data/codenet-java-reuse/p02754/s515474020/Main.java,/data/codenet-java-original/p02754/s515474020/Main.java
61,/data/codenet-java-reuse/p03281/s459890644/Main.java,/data/codenet-java-original/p03281/s459890644/Main.java
62,/data/codenet-java-reuse/p02983/s246692498/Main.java,/data/codenet-java-original/p02983/s246692498/Main.java
63,/data/codenet-java-reuse/p03814/s302895976/Main.java,/data/codenet-java-original/p03814/s302895976/Main.java
64,/data/codenet-java-reuse/p02819/s134809675/Main.java,/data/codenet-java-original/p02819/s134809675/Main.java
65,/data/codenet-java-reuse/p02759/s844937381/Main.java,/data/codenet-java-original/p02759/s844937381/Main.java
66,/data/codenet-java-reuse/p03471/s830268135/Main.java,/data/codenet-java-original/p03471/s830268135/Main.java
67,/data/codenet-java-reuse/p02410/s148348136/Main.java,/data/codenet-java-original/p02410/s148348136/Main.java
68,/data/codenet-java-reuse/p02899/s128682100/Main.java,/data/codenet-java-original/p02899/s128682100/Main.java
69,/data/codenet-java-reuse/p02578/s242606774/Main.java,/data/codenet-java-original/p02578/s242606774/Main.java
70,/data/codenet-java-reuse/p02404/s512954577/Main.java,/data/codenet-java-original/p02404/s512954577/Main.java
71,/data/codenet-java-reuse/p02414/s708538996/Main.java,/data/codenet-java-original/p02414/s708538996/Main.java
72,/data/codenet-java-reuse/p02785/s795486507/Main.java,/data/codenet-java-original/p02785/s795486507/Main.java
73,/data/codenet-java-reuse/p02879/s389441450/Main.java,/data/codenet-java-original/p02879/s389441450/Main.java
74,/data/codenet-java-reuse/p03775/s076536141/Main.java,/data/codenet-java-original/p03775/s076536141/Main.java
75,/data/codenet-java-reuse/p02778/s638876746/Main.java,/data/codenet-java-original/p02778/s638876746/Main.java
76,/data/codenet-java-reuse/p03494/s752718768/Main.java,/data/codenet-java-original/p03494/s752718768/Main.java
77,/data/codenet-java-reuse/p02779/s440753773/Main.java,/data/codenet-java-original/p02779/s440753773/Main.java
78,/data/codenet-java-reuse/p02400/s259140158/Main.java,/data/codenet-java-original/p02400/s259140158/Main.java
79,/data/codenet-java-reuse/p02713/s373404168/Main.java,/data/codenet-java-original/p02713/s373404168/Main.java
80,/data/codenet-java-reuse/p04044/s194332255/Main.java,/data/codenet-java-original/p04044/s194332255/Main.java
81,/data/codenet-java-reuse/p02784/s751811208/Main.java,/data/codenet-java-original/p02784/s751811208/Main.java
82,/data/codenet-java-reuse/p02396/s793400846/Main.java,/data/codenet-java-original/p02396/s793400846/Main.java
83,/data/codenet-java-reuse/p02881/s260739622/Main.java,/data/codenet-java-original/p02881/s260739622/Main.java
84,/data/codenet-java-reuse/p03378/s307516499/Main.java,/data/codenet-java-original/p03378/s307516499/Main.java
85,/data/codenet-java-reuse/p02767/s998489122/Main.java,/data/codenet-java-original/p02767/s998489122/Main.java
86,/data/codenet-java-reuse/p00001/s024366832/Main.java,/data/codenet-java-original/p00001/s024366832/Main.java
87,/data/codenet-java-reuse/p02402/s035726528/Main.java,/data/codenet-java-original/p02402/s035726528/Main.java
88,/data/codenet-java-reuse/p03102/s006540494/Main.java,/data/codenet-java-original/p03102/s006540494/Main.java
89,/data/codenet-java-reuse/p02381/s272305684/Main.java,/data/codenet-java-original/p02381/s272305684/Main.java
90,/data/codenet-java-reuse/p02406/s330378683/Main.java,/data/codenet-java-original/p02406/s330378683/Main.java
91,/data/codenet-java-reuse/p00003/s522502504/Main.java,/data/codenet-java-original/p00003/s522502504/Main.java
92,/data/codenet-java-reuse/p02730/s620094138/Main.java,/data/codenet-java-original/p02730/s620094138/Main.java
93,/data/codenet-java-reuse/p03035/s075015557/Main.java,/data/codenet-java-original/p03035/s075015557/Main.java
94,/data/codenet-java-reuse/p03071/s837824086/Main.java,/data/codenet-java-original/p03071/s837824086/Main.java
95,/data/codenet-java-reuse/p02701/s957714406/Main.java,/data/codenet-java-original/p02701/s957714406/Main.java
96,/data/codenet-java-reuse/p02392/s233922072/Main.java,/data/codenet-java-original/p02392/s233922072/Main.java
97,/data/codenet-java-reuse/p03360/s893684251/Main.java,/data/codenet-java-original/p03360/s893684251/Main.java
98,/data/codenet-java-reuse/p02755/s047395687/Main.java,/data/codenet-java-original/p02755/s047395687/Main.java
99,/data/codenet-java-reuse/p03282/s582947913/Main.java,/data/codenet-java-original/p03282/s582947913/Main.java
100,/data/codenet-java-reuse/p02621/s540822674/Main.java,/data/codenet-java-original/p02621/s540822674/Main.java
101,/data/codenet-java-reuse/p02887/s628826878/Main.java,/data/codenet-java-original/p02887/s628826878/Main.java
102,/data/codenet-java-reuse/p02959/s123226388/Main.java,/data/codenet-java-original/p02959/s123226388/Main.java
103,/data/codenet-java-reuse/p02417/s388290220/Main.java,/data/codenet-java-original/p02417/s388290220/Main.java
104,/data/codenet-java-reuse/p02953/s272620434/Main.java,/data/codenet-java-original/p02953/s272620434/Main.java
105,/data/codenet-java-reuse/p03001/s881845791/Main.java,/data/codenet-java-original/p03001/s881845791/Main.java
106,/data/codenet-java-reuse/p04043/s715703343/Main.java,/data/codenet-java-original/p04043/s715703343/Main.java
107,/data/codenet-java-reuse/p02259/s282106055/Main.java,/data/codenet-java-original/p02259/s282106055/Main.java
108,/data/codenet-java-reuse/p03435/s557045022/Main.java,/data/codenet-java-original/p03435/s557045022/Main.java
109,/data/codenet-java-reuse/p03076/s945958545/Main.java,/data/codenet-java-original/p03076/s945958545/Main.java
110,/data/codenet-java-reuse/p02916/s059123354/Main.java,/data/codenet-java-original/p02916/s059123354/Main.java
111,/data/codenet-java-reuse/p02829/s217352003/Main.java,/data/codenet-java-original/p02829/s217352003/Main.java
112,/data/codenet-java-reuse/p03239/s594412798/Main.java,/data/codenet-java-original/p03239/s594412798/Main.java
113,/data/codenet-java-reuse/p02415/s166663515/Main.java,/data/codenet-java-original/p02415/s166663515/Main.java
114,/data/codenet-java-reuse/p02729/s092818603/Main.java,/data/codenet-java-original/p02729/s092818603/Main.java
115,/data/codenet-java-reuse/p02677/s362726829/Main.java,/data/codenet-java-original/p02677/s362726829/Main.java
116,/data/codenet-java-reuse/p02771/s236359745/Main.java,/data/codenet-java-original/p02771/s236359745/Main.java
117,/data/codenet-java-reuse/p02405/s471864105/Main.java,/data/codenet-java-original/p02405/s471864105/Main.java
118,/data/codenet-java-reuse/p03416/s162762223/Main.java,/data/codenet-java-original/p03416/s162762223/Main.java
119,/data/codenet-java-reuse/p02917/s432330150/Main.java,/data/codenet-java-original/p02917/s432330150/Main.java
120,/data/codenet-java-reuse/p02946/s845095496/Main.java,/data/codenet-java-original/p02946/s845095496/Main.java
121,/data/codenet-java-reuse/p03456/s633164102/Main.java,/data/codenet-java-original/p03456/s633164102/Main.java
122,/data/codenet-java-reuse/p02264/s120487253/Main.java,/data/codenet-java-original/p02264/s120487253/Main.java
123,/data/codenet-java-reuse/p03285/s945826550/Main.java,/data/codenet-java-original/p03285/s945826550/Main.java
124,/data/codenet-java-reuse/p02682/s893538016/Main.java,/data/codenet-java-original/p02682/s893538016/Main.java
125,/data/codenet-java-reuse/p03146/s310501960/Main.java,/data/codenet-java-original/p03146/s310501960/Main.java
126,/data/codenet-java-reuse/p02923/s973348167/Main.java,/data/codenet-java-original/p02923/s973348167/Main.java
127,/data/codenet-java-reuse/p03261/s522659929/Main.java,/data/codenet-java-original/p03261/s522659929/Main.java
128,/data/codenet-java-reuse/p02830/s089281601/Main.java,/data/codenet-java-original/p02830/s089281601/Main.java
129,/data/codenet-java-reuse/p03037/s230978528/Main.java,/data/codenet-java-original/p03037/s230978528/Main.java
130,/data/codenet-java-reuse/p02416/s929119371/Main.java,/data/codenet-java-original/p02416/s929119371/Main.java
131,/data/codenet-java-reuse/p00005/s202986012/Main.java,/data/codenet-java-original/p00005/s202986012/Main.java
132,/data/codenet-java-reuse/p02639/s063071068/Main.java,/data/codenet-java-original/p02639/s063071068/Main.java
133,/data/codenet-java-reuse/p03434/s825543915/Main.java,/data/codenet-java-original/p03434/s825543915/Main.java
134,/data/codenet-java-reuse/p02753/s940886998/Main.java,/data/codenet-java-original/p02753/s940886998/Main.java
135,/data/codenet-java-reuse/p02847/s144579507/Main.java,/data/codenet-java-original/p02847/s144579507/Main.java
136,/data/codenet-java-reuse/p03470/s731985127/Main.java,/data/codenet-java-original/p03470/s731985127/Main.java
137,/data/codenet-java-reuse/p02952/s071899784/Main.java,/data/codenet-java-original/p02952/s071899784/Main.java
138,/data/codenet-java-reuse/p03308/s852808933/Main.java,/data/codenet-java-original/p03308/s852808933/Main.java
139,/data/codenet-java-reuse/p02909/s408697737/Main.java,/data/codenet-java-original/p02909/s408697737/Main.java
140,/data/codenet-java-reuse/p02256/s804052470/Main.java,/data/codenet-java-original/p02256/s804052470/Main.java
141,/data/codenet-java-reuse/p03136/s596485516/Main.java,/data/codenet-java-original/p03136/s596485516/Main.java
142,/data/codenet-java-reuse/p02421/s175506638/Main.java,/data/codenet-java-original/p02421/s175506638/Main.java
143,/data/codenet-java-reuse/p02268/s012749153/Main.java,/data/codenet-java-original/p02268/s012749153/Main.java
144,/data/codenet-java-reuse/p02911/s929115771/Main.java,/data/codenet-java-original/p02911/s929115771/Main.java
145,/data/codenet-java-reuse/p02547/s368371822/Main.java,/data/codenet-java-original/p02547/s368371822/Main.java
146,/data/codenet-java-reuse/p02970/s072089444/Main.java,/data/codenet-java-original/p02970/s072089444/Main.java
147,/data/codenet-java-reuse/p00011/s786132691/Main.java,/data/codenet-java-original/p00011/s786132691/Main.java
148,/data/codenet-java-reuse/p02418/s365664647/Main.java,/data/codenet-java-original/p02418/s365664647/Main.java
149,/data/codenet-java-reuse/p02640/s966402364/Main.java,/data/codenet-java-original/p02640/s966402364/Main.java
150,/data/codenet-java-reuse/p02398/s364701240/Main.java,/data/codenet-java-original/p02398/s364701240/Main.java
151,/data/codenet-java-reuse/p02571/s964700983/Main.java,/data/codenet-java-original/p02571/s964700983/Main.java
152,/data/codenet-java-reuse/p03075/s603333799/Main.java,/data/codenet-java-original/p03075/s603333799/Main.java
153,/data/codenet-java-reuse/p03160/s351069521/Main.java,/data/codenet-java-original/p03160/s351069521/Main.java
154,/data/codenet-java-reuse/p02622/s480944344/Main.java,/data/codenet-java-original/p02622/s480944344/Main.java
155,/data/codenet-java-reuse/p02694/s396350821/Main.java,/data/codenet-java-original/p02694/s396350821/Main.java
156,/data/codenet-java-reuse/p02629/s084736233/Main.java,/data/codenet-java-original/p02629/s084736233/Main.java
157,/data/codenet-java-reuse/p03293/s404082584/Main.java,/data/codenet-java-original/p03293/s404082584/Main.java
158,/data/codenet-java-reuse/p02719/s961679025/Main.java,/data/codenet-java-original/p02719/s961679025/Main.java
159,/data/codenet-java-reuse/p02766/s929044782/Main.java,/data/codenet-java-original/p02766/s929044782/Main.java
160,/data/codenet-java-reuse/p02693/s859471756/Main.java,/data/codenet-java-original/p02693/s859471756/Main.java
161,/data/codenet-java-reuse/p03316/s996877794/Main.java,/data/codenet-java-original/p03316/s996877794/Main.java
162,/data/codenet-java-reuse/p03087/s769105600/Main.java,/data/codenet-java-original/p03087/s769105600/Main.java
163,/data/codenet-java-reuse/p03493/s529406192/Main.java,/data/codenet-java-original/p03493/s529406192/Main.java
164,/data/codenet-java-reuse/p03013/s992805111/Main.java,/data/codenet-java-original/p03013/s992805111/Main.java
165,/data/codenet-java-reuse/p03478/s838652134/Main.java,/data/codenet-java-original/p03478/s838652134/Main.java
166,/data/codenet-java-reuse/p02570/s559296456/Main.java,/data/codenet-java-original/p02570/s559296456/Main.java
167,/data/codenet-java-reuse/p02934/s517272559/Main.java,/data/codenet-java-original/p02934/s517272559/Main.java
168,/data/codenet-java-reuse/p02263/s133704656/Main.java,/data/codenet-java-original/p02263/s133704656/Main.java
169,/data/codenet-java-reuse/p03289/s238017913/Main.java,/data/codenet-java-original/p03289/s238017913/Main.java
170,/data/codenet-java-reuse/p02394/s683219264/Main.java,/data/codenet-java-original/p02394/s683219264/Main.java
171,/data/codenet-java-reuse/p02790/s430553627/Main.java,/data/codenet-java-original/p02790/s430553627/Main.java
172,/data/codenet-java-reuse/p02957/s255926398/Main.java,/data/codenet-java-original/p02957/s255926398/Main.java
173,/data/codenet-java-reuse/p04030/s893663246/Main.java,/data/codenet-java-original/p04030/s893663246/Main.java
174,/data/codenet-java-reuse/p02987/s768090998/Main.java,/data/codenet-java-original/p02987/s768090998/Main.java
175,/data/codenet-java-reuse/p02993/s662625293/Main.java,/data/codenet-java-original/p02993/s662625293/Main.java
176,/data/codenet-java-reuse/p02945/s749827642/Main.java,/data/codenet-java-original/p02945/s749827642/Main.java
177,/data/codenet-java-reuse/p03043/s449060087/Main.java,/data/codenet-java-original/p03043/s449060087/Main.java
178,/data/codenet-java-reuse/p03315/s221573741/Main.java,/data/codenet-java-original/p03315/s221573741/Main.java
179,/data/codenet-java-reuse/p02658/s709743321/Main.java,/data/codenet-java-original/p02658/s709743321/Main.java
180,/data/codenet-java-reuse/p02687/s495173385/Main.java,/data/codenet-java-original/p02687/s495173385/Main.java
181,/data/codenet-java-reuse/p03449/s559543642/Main.java,/data/codenet-java-original/p03449/s559543642/Main.java
182,/data/codenet-java-reuse/p02835/s129114964/Main.java,/data/codenet-java-original/p02835/s129114964/Main.java
183,/data/codenet-java-reuse/p02723/s316895970/Main.java,/data/codenet-java-original/p02723/s316895970/Main.java
184,/data/codenet-java-reuse/p03161/s804974869/Main.java,/data/codenet-java-original/p03161/s804974869/Main.java
185,/data/codenet-java-reuse/p02725/s235645848/Main.java,/data/codenet-java-original/p02725/s235645848/Main.java
186,/data/codenet-java-reuse/p03126/s851536225/Main.java,/data/codenet-java-original/p03126/s851536225/Main.java
187,/data/codenet-java-reuse/p02982/s926785493/Main.java,/data/codenet-java-original/p02982/s926785493/Main.java
188,/data/codenet-java-reuse/p02407/s650567265/Main.java,/data/codenet-java-original/p02407/s650567265/Main.java
189,/data/codenet-java-reuse/p02935/s989833088/Main.java,/data/codenet-java-original/p02935/s989833088/Main.java
190,/data/codenet-java-reuse/p04012/s716132412/Main.java,/data/codenet-java-original/p04012/s716132412/Main.java
191,/data/codenet-java-reuse/p02988/s175915986/Main.java,/data/codenet-java-original/p02988/s175915986/Main.java
192,/data/codenet-java-reuse/p02403/s949305902/Main.java,/data/codenet-java-original/p02403/s949305902/Main.java
193,/data/codenet-java-reuse/p02910/s477540701/Main.java,/data/codenet-java-original/p02910/s477540701/Main.java
194,/data/codenet-java-reuse/p03220/s504896799/Main.java,/data/codenet-java-original/p03220/s504896799/Main.java
195,/data/codenet-java-reuse/p02802/s116185654/Main.java,/data/codenet-java-original/p02802/s116185654/Main.java
196,/data/codenet-java-reuse/p03242/s362998515/Main.java,/data/codenet-java-original/p03242/s362998515/Main.java
197,/data/codenet-java-reuse/p02399/s728151107/Main.java,/data/codenet-java-original/p02399/s728151107/Main.java
198,/data/codenet-java-reuse/p02818/s820813713/Main.java,/data/codenet-java-original/p02818/s820813713/Main.java
199,/data/codenet-java-reuse/p03835/s404800854/Main.java,/data/codenet-java-original/p03835/s404800854/Main.java
200,/data/codenet-java-reuse/p03545/s955036559/Main.java,/data/codenet-java-original/p03545/s955036559/Main.java
201,/data/codenet-java-reuse/p03352/s530883419/Main.java,/data/codenet-java-original/p03352/s530883419/Main.java
202,/data/codenet-java-reuse/p03474/s181150529/Main.java,/data/codenet-java-original/p03474/s181150529/Main.java
203,/data/codenet-java-reuse/p02791/s378385206/Main.java,/data/codenet-java-original/p02791/s378385206/Main.java
204,/data/codenet-java-reuse/p02595/s957349197/Main.java,/data/codenet-java-original/p02595/s957349197/Main.java
205,/data/codenet-java-reuse/p02627/s851335049/Main.java,/data/codenet-java-original/p02627/s851335049/Main.java
206,/data/codenet-java-reuse/p02397/s939596408/Main.java,/data/codenet-java-original/p02397/s939596408/Main.java
207,/data/codenet-java-reuse/p02712/s148943720/Main.java,/data/codenet-java-original/p02712/s148943720/Main.java
208,/data/codenet-java-reuse/p03325/s233180166/Main.java,/data/codenet-java-original/p03325/s233180166/Main.java
209,/data/codenet-java-reuse/p02552/s262359965/Main.java,/data/codenet-java-original/p02552/s262359965/Main.java
210,/data/codenet-java-reuse/p00006/s765258307/Main.java,/data/codenet-java-original/p00006/s765258307/Main.java
211,/data/codenet-java-reuse/p03720/s914538509/Main.java,/data/codenet-java-original/p03720/s914538509/Main.java
212,/data/codenet-java-reuse/p02958/s554413808/Main.java,/data/codenet-java-original/p02958/s554413808/Main.java
213,/data/codenet-java-reuse/p02886/s221100336/Main.java,/data/codenet-java-original/p02886/s221100336/Main.java
214,/data/codenet-java-reuse/p02921/s076685674/Main.java,/data/codenet-java-original/p02921/s076685674/Main.java
215,/data/codenet-java-reuse/p03243/s083040267/Main.java,/data/codenet-java-original/p03243/s083040267/Main.java
216,/data/codenet-java-reuse/p02641/s740584884/Main.java,/data/codenet-java-original/p02641/s740584884/Main.java
217,/data/codenet-java-reuse/p02971/s442737355/Main.java,/data/codenet-java-original/p02971/s442737355/Main.java
218,/data/codenet-java-reuse/p02699/s144155056/Main.java,/data/codenet-java-original/p02699/s144155056/Main.java
219,/data/codenet-java-reuse/p03455/s955370540/Main.java,/data/codenet-java-original/p03455/s955370540/Main.java
220,/data/codenet-java-reuse/p02657/s614929291/Main.java,/data/codenet-java-original/p02657/s614929291/Main.java
221,/data/codenet-java-reuse/p02860/s388985931/Main.java,/data/codenet-java-original/p02860/s388985931/Main.java
222,/data/codenet-java-reuse/p02880/s694244896/Main.java,/data/codenet-java-original/p02880/s694244896/Main.java
223,/data/codenet-java-reuse/p03457/s684809397/Main.java,/data/codenet-java-original/p03457/s684809397/Main.java
224,/data/codenet-java-reuse/p03107/s927649124/Main.java,/data/codenet-java-original/p03107/s927649124/Main.java
225,/data/codenet-java-reuse/p02812/s791087721/Main.java,/data/codenet-java-original/p02812/s791087721/Main.java
226,/data/codenet-java-reuse/p02391/s278275526/Main.java,/data/codenet-java-original/p02391/s278275526/Main.java
227,/data/codenet-java-reuse/p03632/s298575735/Main.java,/data/codenet-java-original/p03632/s298575735/Main.java
228,/data/codenet-java-reuse/p02612/s612259545/Main.java,/data/codenet-java-original/p02612/s612259545/Main.java
229,/data/codenet-java-reuse/p03086/s434669455/Main.java,/data/codenet-java-original/p03086/s434669455/Main.java
230,/data/codenet-java-reuse/p03695/s311513339/Main.java,/data/codenet-java-original/p03695/s311513339/Main.java
231,/data/codenet-java-reuse/p02731/s707246015/Main.java,/data/codenet-java-original/p02731/s707246015/Main.java
232,/data/codenet-java-reuse/p02989/s753827650/Main.java,/data/codenet-java-original/p02989/s753827650/Main.java
233,/data/codenet-java-reuse/p02688/s481310531/Main.java,/data/codenet-java-original/p02688/s481310531/Main.java
234,/data/codenet-java-reuse/p03147/s274376278/Main.java,/data/codenet-java-original/p03147/s274376278/Main.java
235,/data/codenet-java-reuse/p02832/s195371468/Main.java,/data/codenet-java-original/p02832/s195371468/Main.java
236,/data/codenet-java-reuse/p03324/s042867011/Main.java,/data/codenet-java-original/p03324/s042867011/Main.java
237,/data/codenet-java-reuse/p02413/s826748919/Main.java,/data/codenet-java-original/p02413/s826748919/Main.java
238,/data/codenet-java-reuse/p03370/s051191573/Main.java,/data/codenet-java-original/p03370/s051191573/Main.java
239,/data/codenet-java-reuse/p02947/s038222961/Main.java,/data/codenet-java-original/p02947/s038222961/Main.java
240,/data/codenet-java-reuse/p02613/s666442551/Main.java,/data/codenet-java-original/p02613/s666442551/Main.java
241,/data/codenet-java-reuse/p02681/s256259229/Main.java,/data/codenet-java-original/p02681/s256259229/Main.java
242,/data/codenet-java-reuse/p03072/s766249530/Main.java,/data/codenet-java-original/p03072/s766249530/Main.java
243,/data/codenet-java-reuse/p02951/s572845454/Main.java,/data/codenet-java-original/p02951/s572845454/Main.java
244,/data/codenet-java-reuse/p02401/s796701490/Main.java,/data/codenet-java-original/p02401/s796701490/Main.java
245,/data/codenet-java-reuse/p02393/s692654399/Main.java,/data/codenet-java-original/p02393/s692654399/Main.java
246,/data/codenet-java-reuse/p02831/s212681387/Main.java,/data/codenet-java-original/p02831/s212681387/Main.java
247,/data/codenet-java-reuse/p02724/s695112878/Main.java,/data/codenet-java-original/p02724/s695112878/Main.java
248,/data/codenet-java-reuse/p03060/s576749831/Main.java,/data/codenet-java-original/p03060/s576749831/Main.java
249,/data/codenet-java-reuse/p02255/s941040454/Main.java,/data/codenet-java-original/p02255/s941040454/Main.java
